id,question,answer,solution,difficulty
saju_ko_easy_0000,"양력 2003년 1월 9일에 태어난 사람의 사주 연주(年柱) 간지는? (입춘 기준, 예: 갑자)",임오,"사주 기둥 계산:
[STEP 1] 2003년 입춘 = 2월 4일 (입춘 이전 → 전년 간지)
[STEP 2] 연주(年柱) = 임오",easy
saju_ko_easy_0001,"양력 2001년 5월 16일에 태어난 사람의 사주 연주(年柱) 간지는? (입춘 기준, 예: 갑자)",신사,"사주 기둥 계산:
[STEP 1] 2001년 입춘 = 2월 4일 (입춘 이후 → 당년 간지)
[STEP 2] 연주(年柱) = 신사",easy
saju_ko_easy_0002,"양력 1977년 9월 5일에 태어난 사람의 사주 연주(年柱) 간지는? (입춘 기준, 예: 갑자)",정사,"사주 기둥 계산:
[STEP 1] 1977년 입춘 = 2월 4일 (입춘 이후 → 당년 간지)
[STEP 2] 연주(年柱) = 정사",easy
saju_ko_easy_0003,"양력 1967년 2월 20일에 태어난 사람의 사주 연주(年柱) 간지는? (입춘 기준, 예: 갑자)",정미,"사주 기둥 계산:
[STEP 1] 1967년 입춘 = 2월 4일 (입춘 이후 → 당년 간지)
[STEP 2] 연주(年柱) = 정미",easy
saju_ko_easy_0004,"양력 1968년 5월 4일에 태어난 사람의 사주 연주(年柱) 간지는? (입춘 기준, 예: 갑자)",무신,"사주 기둥 계산:
[STEP 1] 1968년 입춘 = 2월 5일 (입춘 이후 → 당년 간지)
[STEP 2] 연주(年柱) = 무신",easy
saju_ko_easy_0005,"양력 1992년 8월 18일에 태어난 사람의 사주 연주(年柱) 간지는? (입춘 기준, 예: 갑자)",임신,"사주 기둥 계산:
[STEP 1] 1992년 입춘 = 2월 4일 (입춘 이후 → 당년 간지)
[STEP 2] 연주(年柱) = 임신",easy
saju_ko_easy_0006,"양력 1995년 7월 11일에 태어난 사람의 사주 연주(年柱) 간지는? (입춘 기준, 예: 갑자)",을해,"사주 기둥 계산:
[STEP 1] 1995년 입춘 = 2월 4일 (입춘 이후 → 당년 간지)
[STEP 2] 연주(年柱) = 을해",easy
saju_ko_easy_0007,"양력 2011년 8월 28일에 태어난 사람의 사주 연주(年柱) 간지는? (입춘 기준, 예: 갑자)",신묘,"사주 기둥 계산:
[STEP 1] 2011년 입춘 = 2월 4일 (입춘 이후 → 당년 간지)
[STEP 2] 연주(年柱) = 신묘",easy
saju_ko_easy_0008,"양력 1957년 9월 1일에 태어난 사람의 사주 연주(年柱) 간지는? (입춘 기준, 예: 갑자)",정유,"사주 기둥 계산:
[STEP 1] 1957년 입춘 = 2월 4일 (입춘 이후 → 당년 간지)
[STEP 2] 연주(年柱) = 정유",easy
saju_ko_easy_0009,"양력 2001년 12월 27일에 태어난 사람의 사주 연주(年柱) 간지는? (입춘 기준, 예: 갑자)",신사,"사주 기둥 계산:
[STEP 1] 2001년 입춘 = 2월 4일 (입춘 이후 → 당년 간지)
[STEP 2] 연주(年柱) = 신사",easy
saju_ko_easy_0010,"양력 2013년 6월 8일에 태어난 사람의 사주 연주(年柱) 간지는? (입춘 기준, 예: 갑자)",계사,"사주 기둥 계산:
[STEP 1] 2013년 입춘 = 2월 4일 (입춘 이후 → 당년 간지)
[STEP 2] 연주(年柱) = 계사",easy
saju_ko_easy_0011,"양력 1958년 4월 19일에 태어난 사람의 사주 연주(年柱) 간지는? (입춘 기준, 예: 갑자)",무술,"사주 기둥 계산:
[STEP 1] 1958년 입춘 = 2월 4일 (입춘 이후 → 당년 간지)
[STEP 2] 연주(年柱) = 무술",easy
saju_ko_easy_0012,"양력 1980년 3월 26일에 태어난 사람의 사주 연주(年柱) 간지는? (입춘 기준, 예: 갑자)",경신,"사주 기둥 계산:
[STEP 1] 1980년 입춘 = 2월 5일 (입춘 이후 → 당년 간지)
[STEP 2] 연주(年柱) = 경신",easy
saju_ko_easy_0013,"양력 1961년 2월 11일에 태어난 사람의 사주 연주(年柱) 간지는? (입춘 기준, 예: 갑자)",신축,"사주 기둥 계산:
[STEP 1] 1961년 입춘 = 2월 4일 (입춘 이후 → 당년 간지)
[STEP 2] 연주(年柱) = 신축",easy
saju_ko_easy_0014,"양력 1963년 5월 18일에 태어난 사람의 사주 연주(年柱) 간지는? (입춘 기준, 예: 갑자)",계묘,"사주 기둥 계산:
[STEP 1] 1963년 입춘 = 2월 4일 (입춘 이후 → 당년 간지)
[STEP 2] 연주(年柱) = 계묘",easy
saju_ko_easy_0015,"양력 1965년 9월 11일에 태어난 사람의 사주 연주(年柱) 간지는? (입춘 기준, 예: 갑자)",을사,"사주 기둥 계산:
[STEP 1] 1965년 입춘 = 2월 4일 (입춘 이후 → 당년 간지)
[STEP 2] 연주(年柱) = 을사",easy
saju_ko_easy_0016,"양력 1986년 8월 3일에 태어난 사람의 사주 연주(年柱) 간지는? (입춘 기준, 예: 갑자)",병인,"사주 기둥 계산:
[STEP 1] 1986년 입춘 = 2월 4일 (입춘 이후 → 당년 간지)
[STEP 2] 연주(年柱) = 병인",easy
saju_ko_easy_0017,"양력 1990년 10월 8일에 태어난 사람의 사주 연주(年柱) 간지는? (입춘 기준, 예: 갑자)",경오,"사주 기둥 계산:
[STEP 1] 1990년 입춘 = 2월 4일 (입춘 이후 → 당년 간지)
[STEP 2] 연주(年柱) = 경오",easy
saju_ko_easy_0018,"양력 1973년 4월 27일에 태어난 사람의 사주 연주(年柱) 간지는? (입춘 기준, 예: 갑자)",계축,"사주 기둥 계산:
[STEP 1] 1973년 입춘 = 2월 4일 (입춘 이후 → 당년 간지)
[STEP 2] 연주(年柱) = 계축",easy
saju_ko_easy_0019,"양력 1954년 10월 22일에 태어난 사람의 사주 연주(年柱) 간지는? (입춘 기준, 예: 갑자)",갑오,"사주 기둥 계산:
[STEP 1] 1954년 입춘 = 2월 4일 (입춘 이후 → 당년 간지)
[STEP 2] 연주(年柱) = 갑오",easy
saju_ko_easy_0020,"양력 2010년 2월 3일에 태어난 사람의 사주 연주(年柱) 간지는? (입춘 기준, 예: 갑자)",기축,"사주 기둥 계산:
[STEP 1] 2010년 입춘 = 2월 4일 (입춘 이전 → 전년 간지)
[STEP 2] 연주(年柱) = 기축",easy
saju_ko_easy_0021,"양력 1969년 1월 27일에 태어난 사람의 사주 연주(年柱) 간지는? (입춘 기준, 예: 갑자)",무신,"사주 기둥 계산:
[STEP 1] 1969년 입춘 = 2월 4일 (입춘 이전 → 전년 간지)
[STEP 2] 연주(年柱) = 무신",easy
saju_ko_easy_0022,"양력 2000년 12월 17일에 태어난 사람의 사주 연주(年柱) 간지는? (입춘 기준, 예: 갑자)",경진,"사주 기둥 계산:
[STEP 1] 2000년 입춘 = 2월 4일 (입춘 이후 → 당년 간지)
[STEP 2] 연주(年柱) = 경진",easy
saju_ko_easy_0023,"양력 1980년 4월 22일에 태어난 사람의 사주 연주(年柱) 간지는? (입춘 기준, 예: 갑자)",경신,"사주 기둥 계산:
[STEP 1] 1980년 입춘 = 2월 5일 (입춘 이후 → 당년 간지)
[STEP 2] 연주(年柱) = 경신",easy
saju_ko_easy_0024,"양력 1985년 8월 16일에 태어난 사람의 사주 연주(年柱) 간지는? (입춘 기준, 예: 갑자)",을축,"사주 기둥 계산:
[STEP 1] 1985년 입춘 = 2월 4일 (입춘 이후 → 당년 간지)
[STEP 2] 연주(年柱) = 을축",easy
saju_ko_easy_0025,"양력 1960년 6월 20일에 태어난 사람의 사주 연주(年柱) 간지는? (입춘 기준, 예: 갑자)",경자,"사주 기둥 계산:
[STEP 1] 1960년 입춘 = 2월 5일 (입춘 이후 → 당년 간지)
[STEP 2] 연주(年柱) = 경자",easy
saju_ko_easy_0026,"양력 2012년 10월 21일에 태어난 사람의 사주 연주(年柱) 간지는? (입춘 기준, 예: 갑자)",임진,"사주 기둥 계산:
[STEP 1] 2012년 입춘 = 2월 4일 (입춘 이후 → 당년 간지)
[STEP 2] 연주(年柱) = 임진",easy
saju_ko_easy_0027,"양력 1974년 4월 1일에 태어난 사람의 사주 연주(年柱) 간지는? (입춘 기준, 예: 갑자)",갑인,"사주 기둥 계산:
[STEP 1] 1974년 입춘 = 2월 4일 (입춘 이후 → 당년 간지)
[STEP 2] 연주(年柱) = 갑인",easy
saju_ko_easy_0028,"양력 1964년 12월 8일에 태어난 사람의 사주 연주(年柱) 간지는? (입춘 기준, 예: 갑자)",갑진,"사주 기둥 계산:
[STEP 1] 1964년 입춘 = 2월 5일 (입춘 이후 → 당년 간지)
[STEP 2] 연주(年柱) = 갑진",easy
saju_ko_easy_0029,"양력 1971년 6월 14일에 태어난 사람의 사주 연주(年柱) 간지는? (입춘 기준, 예: 갑자)",신해,"사주 기둥 계산:
[STEP 1] 1971년 입춘 = 2월 4일 (입춘 이후 → 당년 간지)
[STEP 2] 연주(年柱) = 신해",easy
saju_ko_easy_0030,"양력 1962년 3월 28일에 태어난 사람의 사주 연주(年柱) 간지는? (입춘 기준, 예: 갑자)",임인,"사주 기둥 계산:
[STEP 1] 1962년 입춘 = 2월 4일 (입춘 이후 → 당년 간지)
[STEP 2] 연주(年柱) = 임인",easy
saju_ko_easy_0031,"양력 1955년 10월 21일에 태어난 사람의 사주 연주(年柱) 간지는? (입춘 기준, 예: 갑자)",을미,"사주 기둥 계산:
[STEP 1] 1955년 입춘 = 2월 4일 (입춘 이후 → 당년 간지)
[STEP 2] 연주(年柱) = 을미",easy
saju_ko_easy_0032,"양력 1953년 2월 21일에 태어난 사람의 사주 연주(年柱) 간지는? (입춘 기준, 예: 갑자)",계사,"사주 기둥 계산:
[STEP 1] 1953년 입춘 = 2월 4일 (입춘 이후 → 당년 간지)
[STEP 2] 연주(年柱) = 계사",easy
saju_ko_easy_0033,"양력 1965년 7월 3일에 태어난 사람의 사주 연주(年柱) 간지는? (입춘 기준, 예: 갑자)",을사,"사주 기둥 계산:
[STEP 1] 1965년 입춘 = 2월 4일 (입춘 이후 → 당년 간지)
[STEP 2] 연주(年柱) = 을사",easy
saju_ko_easy_0034,"양력 1964년 1월 20일에 태어난 사람의 사주 연주(年柱) 간지는? (입춘 기준, 예: 갑자)",계묘,"사주 기둥 계산:
[STEP 1] 1964년 입춘 = 2월 5일 (입춘 이전 → 전년 간지)
[STEP 2] 연주(年柱) = 계묘",easy
saju_ko_easy_0035,"양력 1974년 3월 23일에 태어난 사람의 사주 연주(年柱) 간지는? (입춘 기준, 예: 갑자)",갑인,"사주 기둥 계산:
[STEP 1] 1974년 입춘 = 2월 4일 (입춘 이후 → 당년 간지)
[STEP 2] 연주(年柱) = 갑인",easy
saju_ko_easy_0036,"양력 2011년 4월 24일에 태어난 사람의 사주 연주(年柱) 간지는? (입춘 기준, 예: 갑자)",신묘,"사주 기둥 계산:
[STEP 1] 2011년 입춘 = 2월 4일 (입춘 이후 → 당년 간지)
[STEP 2] 연주(年柱) = 신묘",easy
saju_ko_easy_0037,"양력 1952년 9월 14일에 태어난 사람의 사주 연주(年柱) 간지는? (입춘 기준, 예: 갑자)",임진,"사주 기둥 계산:
[STEP 1] 1952년 입춘 = 2월 5일 (입춘 이후 → 당년 간지)
[STEP 2] 연주(年柱) = 임진",easy
saju_ko_easy_0038,"양력 1983년 2월 8일에 태어난 사람의 사주 연주(年柱) 간지는? (입춘 기준, 예: 갑자)",계해,"사주 기둥 계산:
[STEP 1] 1983년 입춘 = 2월 4일 (입춘 이후 → 당년 간지)
[STEP 2] 연주(年柱) = 계해",easy
saju_ko_easy_0039,"양력 1988년 6월 14일에 태어난 사람의 사주 연주(年柱) 간지는? (입춘 기준, 예: 갑자)",무진,"사주 기둥 계산:
[STEP 1] 1988년 입춘 = 2월 4일 (입춘 이후 → 당년 간지)
[STEP 2] 연주(年柱) = 무진",easy
saju_ko_easy_0040,"양력 1957년 9월 15일에 태어난 사람의 사주 연주(年柱) 간지는? (입춘 기준, 예: 갑자)",정유,"사주 기둥 계산:
[STEP 1] 1957년 입춘 = 2월 4일 (입춘 이후 → 당년 간지)
[STEP 2] 연주(年柱) = 정유",easy
saju_ko_easy_0041,"양력 1962년 12월 13일에 태어난 사람의 사주 연주(年柱) 간지는? (입춘 기준, 예: 갑자)",임인,"사주 기둥 계산:
[STEP 1] 1962년 입춘 = 2월 4일 (입춘 이후 → 당년 간지)
[STEP 2] 연주(年柱) = 임인",easy
saju_ko_easy_0042,"양력 1983년 6월 24일에 태어난 사람의 사주 연주(年柱) 간지는? (입춘 기준, 예: 갑자)",계해,"사주 기둥 계산:
[STEP 1] 1983년 입춘 = 2월 4일 (입춘 이후 → 당년 간지)
[STEP 2] 연주(年柱) = 계해",easy
saju_ko_easy_0043,"양력 1971년 12월 22일에 태어난 사람의 사주 연주(年柱) 간지는? (입춘 기준, 예: 갑자)",신해,"사주 기둥 계산:
[STEP 1] 1971년 입춘 = 2월 4일 (입춘 이후 → 당년 간지)
[STEP 2] 연주(年柱) = 신해",easy
saju_ko_easy_0044,"양력 1957년 11월 6일에 태어난 사람의 사주 연주(年柱) 간지는? (입춘 기준, 예: 갑자)",정유,"사주 기둥 계산:
[STEP 1] 1957년 입춘 = 2월 4일 (입춘 이후 → 당년 간지)
[STEP 2] 연주(年柱) = 정유",easy
saju_ko_easy_0045,"양력 1993년 9월 9일에 태어난 사람의 사주 연주(年柱) 간지는? (입춘 기준, 예: 갑자)",계유,"사주 기둥 계산:
[STEP 1] 1993년 입춘 = 2월 4일 (입춘 이후 → 당년 간지)
[STEP 2] 연주(年柱) = 계유",easy
saju_ko_easy_0046,"양력 2006년 11월 6일에 태어난 사람의 사주 연주(年柱) 간지는? (입춘 기준, 예: 갑자)",병술,"사주 기둥 계산:
[STEP 1] 2006년 입춘 = 2월 4일 (입춘 이후 → 당년 간지)
[STEP 2] 연주(年柱) = 병술",easy
saju_ko_easy_0047,"양력 2010년 11월 14일에 태어난 사람의 사주 연주(年柱) 간지는? (입춘 기준, 예: 갑자)",경인,"사주 기둥 계산:
[STEP 1] 2010년 입춘 = 2월 4일 (입춘 이후 → 당년 간지)
[STEP 2] 연주(年柱) = 경인",easy
saju_ko_easy_0048,"양력 1995년 7월 27일에 태어난 사람의 사주 연주(年柱) 간지는? (입춘 기준, 예: 갑자)",을해,"사주 기둥 계산:
[STEP 1] 1995년 입춘 = 2월 4일 (입춘 이후 → 당년 간지)
[STEP 2] 연주(年柱) = 을해",easy
saju_ko_easy_0049,"양력 1969년 9월 23일에 태어난 사람의 사주 연주(年柱) 간지는? (입춘 기준, 예: 갑자)",기유,"사주 기둥 계산:
[STEP 1] 1969년 입춘 = 2월 4일 (입춘 이후 → 당년 간지)
[STEP 2] 연주(年柱) = 기유",easy
saju_ko_easy_0050,"양력 2008년 12월 3일에 태어난 사람의 사주 연주(年柱) 간지는? (입춘 기준, 예: 갑자)",무자,"사주 기둥 계산:
[STEP 1] 2008년 입춘 = 2월 4일 (입춘 이후 → 당년 간지)
[STEP 2] 연주(年柱) = 무자",easy
saju_ko_easy_0051,"양력 1955년 9월 9일에 태어난 사람의 사주 연주(年柱) 간지는? (입춘 기준, 예: 갑자)",을미,"사주 기둥 계산:
[STEP 1] 1955년 입춘 = 2월 4일 (입춘 이후 → 당년 간지)
[STEP 2] 연주(年柱) = 을미",easy
saju_ko_easy_0052,"양력 1980년 8월 12일에 태어난 사람의 사주 연주(年柱) 간지는? (입춘 기준, 예: 갑자)",경신,"사주 기둥 계산:
[STEP 1] 1980년 입춘 = 2월 5일 (입춘 이후 → 당년 간지)
[STEP 2] 연주(年柱) = 경신",easy
saju_ko_easy_0053,"양력 1995년 10월 21일에 태어난 사람의 사주 연주(年柱) 간지는? (입춘 기준, 예: 갑자)",을해,"사주 기둥 계산:
[STEP 1] 1995년 입춘 = 2월 4일 (입춘 이후 → 당년 간지)
[STEP 2] 연주(年柱) = 을해",easy
saju_ko_easy_0054,"양력 1989년 7월 24일에 태어난 사람의 사주 연주(年柱) 간지는? (입춘 기준, 예: 갑자)",기사,"사주 기둥 계산:
[STEP 1] 1989년 입춘 = 2월 4일 (입춘 이후 → 당년 간지)
[STEP 2] 연주(年柱) = 기사",easy
saju_ko_easy_0055,"양력 1960년 1월 20일에 태어난 사람의 사주 연주(年柱) 간지는? (입춘 기준, 예: 갑자)",기해,"사주 기둥 계산:
[STEP 1] 1960년 입춘 = 2월 5일 (입춘 이전 → 전년 간지)
[STEP 2] 연주(年柱) = 기해",easy
saju_ko_easy_0056,"양력 1992년 3월 8일에 태어난 사람의 사주 연주(年柱) 간지는? (입춘 기준, 예: 갑자)",임신,"사주 기둥 계산:
[STEP 1] 1992년 입춘 = 2월 4일 (입춘 이후 → 당년 간지)
[STEP 2] 연주(年柱) = 임신",easy
saju_ko_easy_0057,"양력 2007년 7월 23일에 태어난 사람의 사주 연주(年柱) 간지는? (입춘 기준, 예: 갑자)",정해,"사주 기둥 계산:
[STEP 1] 2007년 입춘 = 2월 4일 (입춘 이후 → 당년 간지)
[STEP 2] 연주(年柱) = 정해",easy
saju_ko_easy_0058,"양력 1954년 7월 28일에 태어난 사람의 사주 연주(年柱) 간지는? (입춘 기준, 예: 갑자)",갑오,"사주 기둥 계산:
[STEP 1] 1954년 입춘 = 2월 4일 (입춘 이후 → 당년 간지)
[STEP 2] 연주(年柱) = 갑오",easy
saju_ko_easy_0059,"양력 1955년 3월 15일에 태어난 사람의 사주 연주(年柱) 간지는? (입춘 기준, 예: 갑자)",을미,"사주 기둥 계산:
[STEP 1] 1955년 입춘 = 2월 4일 (입춘 이후 → 당년 간지)
[STEP 2] 연주(年柱) = 을미",easy
saju_ko_easy_0060,"양력 1983년 12월 6일에 태어난 사람의 사주 연주(年柱) 간지는? (입춘 기준, 예: 갑자)",계해,"사주 기둥 계산:
[STEP 1] 1983년 입춘 = 2월 4일 (입춘 이후 → 당년 간지)
[STEP 2] 연주(年柱) = 계해",easy
saju_ko_easy_0061,"양력 2012년 9월 20일에 태어난 사람의 사주 연주(年柱) 간지는? (입춘 기준, 예: 갑자)",임진,"사주 기둥 계산:
[STEP 1] 2012년 입춘 = 2월 4일 (입춘 이후 → 당년 간지)
[STEP 2] 연주(年柱) = 임진",easy
saju_ko_easy_0062,"양력 1954년 8월 11일에 태어난 사람의 사주 연주(年柱) 간지는? (입춘 기준, 예: 갑자)",갑오,"사주 기둥 계산:
[STEP 1] 1954년 입춘 = 2월 4일 (입춘 이후 → 당년 간지)
[STEP 2] 연주(年柱) = 갑오",easy
saju_ko_easy_0063,"양력 2009년 1월 26일에 태어난 사람의 사주 연주(年柱) 간지는? (입춘 기준, 예: 갑자)",무자,"사주 기둥 계산:
[STEP 1] 2009년 입춘 = 2월 4일 (입춘 이전 → 전년 간지)
[STEP 2] 연주(年柱) = 무자",easy
saju_ko_easy_0064,"양력 1974년 9월 21일에 태어난 사람의 사주 연주(年柱) 간지는? (입춘 기준, 예: 갑자)",갑인,"사주 기둥 계산:
[STEP 1] 1974년 입춘 = 2월 4일 (입춘 이후 → 당년 간지)
[STEP 2] 연주(年柱) = 갑인",easy
saju_ko_easy_0065,"양력 1966년 1월 13일에 태어난 사람의 사주 연주(年柱) 간지는? (입춘 기준, 예: 갑자)",을사,"사주 기둥 계산:
[STEP 1] 1966년 입춘 = 2월 4일 (입춘 이전 → 전년 간지)
[STEP 2] 연주(年柱) = 을사",easy
saju_ko_easy_0066,"양력 1990년 1월 7일에 태어난 사람의 사주 연주(年柱) 간지는? (입춘 기준, 예: 갑자)",기사,"사주 기둥 계산:
[STEP 1] 1990년 입춘 = 2월 4일 (입춘 이전 → 전년 간지)
[STEP 2] 연주(年柱) = 기사",easy
saju_ko_easy_0067,"양력 1950년 11월 17일에 태어난 사람의 사주 연주(年柱) 간지는? (입춘 기준, 예: 갑자)",경인,"사주 기둥 계산:
[STEP 1] 1950년 입춘 = 2월 4일 (입춘 이후 → 당년 간지)
[STEP 2] 연주(年柱) = 경인",easy
saju_ko_easy_0068,"양력 1974년 2월 20일에 태어난 사람의 사주 연주(年柱) 간지는? (입춘 기준, 예: 갑자)",갑인,"사주 기둥 계산:
[STEP 1] 1974년 입춘 = 2월 4일 (입춘 이후 → 당년 간지)
[STEP 2] 연주(年柱) = 갑인",easy
saju_ko_easy_0069,"양력 1988년 5월 23일에 태어난 사람의 사주 연주(年柱) 간지는? (입춘 기준, 예: 갑자)",무진,"사주 기둥 계산:
[STEP 1] 1988년 입춘 = 2월 4일 (입춘 이후 → 당년 간지)
[STEP 2] 연주(年柱) = 무진",easy
saju_ko_easy_0070,"양력 1962년 8월 28일에 태어난 사람의 사주 연주(年柱) 간지는? (입춘 기준, 예: 갑자)",임인,"사주 기둥 계산:
[STEP 1] 1962년 입춘 = 2월 4일 (입춘 이후 → 당년 간지)
[STEP 2] 연주(年柱) = 임인",easy
saju_ko_easy_0071,"양력 1960년 1월 9일에 태어난 사람의 사주 연주(年柱) 간지는? (입춘 기준, 예: 갑자)",기해,"사주 기둥 계산:
[STEP 1] 1960년 입춘 = 2월 5일 (입춘 이전 → 전년 간지)
[STEP 2] 연주(年柱) = 기해",easy
saju_ko_easy_0072,"양력 1964년 5월 5일에 태어난 사람의 사주 연주(年柱) 간지는? (입춘 기준, 예: 갑자)",갑진,"사주 기둥 계산:
[STEP 1] 1964년 입춘 = 2월 5일 (입춘 이후 → 당년 간지)
[STEP 2] 연주(年柱) = 갑진",easy
saju_ko_easy_0073,"양력 1964년 3월 9일에 태어난 사람의 사주 연주(年柱) 간지는? (입춘 기준, 예: 갑자)",갑진,"사주 기둥 계산:
[STEP 1] 1964년 입춘 = 2월 5일 (입춘 이후 → 당년 간지)
[STEP 2] 연주(年柱) = 갑진",easy
saju_ko_easy_0074,"양력 1955년 1월 7일에 태어난 사람의 사주 연주(年柱) 간지는? (입춘 기준, 예: 갑자)",갑오,"사주 기둥 계산:
[STEP 1] 1955년 입춘 = 2월 4일 (입춘 이전 → 전년 간지)
[STEP 2] 연주(年柱) = 갑오",easy
saju_ko_easy_0075,"양력 1990년 6월 19일에 태어난 사람의 사주 연주(年柱) 간지는? (입춘 기준, 예: 갑자)",경오,"사주 기둥 계산:
[STEP 1] 1990년 입춘 = 2월 4일 (입춘 이후 → 당년 간지)
[STEP 2] 연주(年柱) = 경오",easy
saju_ko_easy_0076,"양력 2013년 12월 21일에 태어난 사람의 사주 연주(年柱) 간지는? (입춘 기준, 예: 갑자)",계사,"사주 기둥 계산:
[STEP 1] 2013년 입춘 = 2월 4일 (입춘 이후 → 당년 간지)
[STEP 2] 연주(年柱) = 계사",easy
saju_ko_easy_0077,"양력 2005년 6월 28일에 태어난 사람의 사주 연주(年柱) 간지는? (입춘 기준, 예: 갑자)",을유,"사주 기둥 계산:
[STEP 1] 2005년 입춘 = 2월 4일 (입춘 이후 → 당년 간지)
[STEP 2] 연주(年柱) = 을유",easy
saju_ko_easy_0078,"양력 1976년 7월 19일에 태어난 사람의 사주 연주(年柱) 간지는? (입춘 기준, 예: 갑자)",병진,"사주 기둥 계산:
[STEP 1] 1976년 입춘 = 2월 5일 (입춘 이후 → 당년 간지)
[STEP 2] 연주(年柱) = 병진",easy
saju_ko_easy_0079,"양력 1951년 3월 5일에 태어난 사람의 사주 연주(年柱) 간지는? (입춘 기준, 예: 갑자)",신묘,"사주 기둥 계산:
[STEP 1] 1951년 입춘 = 2월 5일 (입춘 이후 → 당년 간지)
[STEP 2] 연주(年柱) = 신묘",easy
saju_ko_easy_0080,"양력 1992년 6월 26일에 태어난 사람의 사주 연주(年柱) 간지는? (입춘 기준, 예: 갑자)",임신,"사주 기둥 계산:
[STEP 1] 1992년 입춘 = 2월 4일 (입춘 이후 → 당년 간지)
[STEP 2] 연주(年柱) = 임신",easy
saju_ko_easy_0081,"양력 1961년 6월 25일에 태어난 사람의 사주 연주(年柱) 간지는? (입춘 기준, 예: 갑자)",신축,"사주 기둥 계산:
[STEP 1] 1961년 입춘 = 2월 4일 (입춘 이후 → 당년 간지)
[STEP 2] 연주(年柱) = 신축",easy
saju_ko_easy_0082,"양력 1955년 5월 6일에 태어난 사람의 사주 연주(年柱) 간지는? (입춘 기준, 예: 갑자)",을미,"사주 기둥 계산:
[STEP 1] 1955년 입춘 = 2월 4일 (입춘 이후 → 당년 간지)
[STEP 2] 연주(年柱) = 을미",easy
saju_ko_easy_0083,"양력 1987년 6월 13일에 태어난 사람의 사주 연주(年柱) 간지는? (입춘 기준, 예: 갑자)",정묘,"사주 기둥 계산:
[STEP 1] 1987년 입춘 = 2월 4일 (입춘 이후 → 당년 간지)
[STEP 2] 연주(年柱) = 정묘",easy
saju_ko_easy_0084,"양력 1987년 2월 16일에 태어난 사람의 사주 연주(年柱) 간지는? (입춘 기준, 예: 갑자)",정묘,"사주 기둥 계산:
[STEP 1] 1987년 입춘 = 2월 4일 (입춘 이후 → 당년 간지)
[STEP 2] 연주(年柱) = 정묘",easy
saju_ko_easy_0085,"양력 1956년 5월 6일에 태어난 사람의 사주 연주(年柱) 간지는? (입춘 기준, 예: 갑자)",병신,"사주 기둥 계산:
[STEP 1] 1956년 입춘 = 2월 5일 (입춘 이후 → 당년 간지)
[STEP 2] 연주(年柱) = 병신",easy
saju_ko_easy_0086,"양력 1988년 7월 27일에 태어난 사람의 사주 연주(年柱) 간지는? (입춘 기준, 예: 갑자)",무진,"사주 기둥 계산:
[STEP 1] 1988년 입춘 = 2월 4일 (입춘 이후 → 당년 간지)
[STEP 2] 연주(年柱) = 무진",easy
saju_ko_easy_0087,"양력 1988년 7월 4일에 태어난 사람의 사주 연주(年柱) 간지는? (입춘 기준, 예: 갑자)",무진,"사주 기둥 계산:
[STEP 1] 1988년 입춘 = 2월 4일 (입춘 이후 → 당년 간지)
[STEP 2] 연주(年柱) = 무진",easy
saju_ko_easy_0088,"양력 2011년 8월 11일에 태어난 사람의 사주 연주(年柱) 간지는? (입춘 기준, 예: 갑자)",신묘,"사주 기둥 계산:
[STEP 1] 2011년 입춘 = 2월 4일 (입춘 이후 → 당년 간지)
[STEP 2] 연주(年柱) = 신묘",easy
saju_ko_easy_0089,"양력 1965년 8월 4일에 태어난 사람의 사주 연주(年柱) 간지는? (입춘 기준, 예: 갑자)",을사,"사주 기둥 계산:
[STEP 1] 1965년 입춘 = 2월 4일 (입춘 이후 → 당년 간지)
[STEP 2] 연주(年柱) = 을사",easy
saju_ko_easy_0090,"양력 2004년 1월 10일에 태어난 사람의 사주 연주(年柱) 간지는? (입춘 기준, 예: 갑자)",계미,"사주 기둥 계산:
[STEP 1] 2004년 입춘 = 2월 4일 (입춘 이전 → 전년 간지)
[STEP 2] 연주(年柱) = 계미",easy
saju_ko_easy_0091,"양력 1969년 3월 21일에 태어난 사람의 사주 연주(年柱) 간지는? (입춘 기준, 예: 갑자)",기유,"사주 기둥 계산:
[STEP 1] 1969년 입춘 = 2월 4일 (입춘 이후 → 당년 간지)
[STEP 2] 연주(年柱) = 기유",easy
saju_ko_easy_0092,"양력 1961년 2월 26일에 태어난 사람의 사주 연주(年柱) 간지는? (입춘 기준, 예: 갑자)",신축,"사주 기둥 계산:
[STEP 1] 1961년 입춘 = 2월 4일 (입춘 이후 → 당년 간지)
[STEP 2] 연주(年柱) = 신축",easy
saju_ko_easy_0093,"양력 1975년 12월 8일에 태어난 사람의 사주 연주(年柱) 간지는? (입춘 기준, 예: 갑자)",을묘,"사주 기둥 계산:
[STEP 1] 1975년 입춘 = 2월 4일 (입춘 이후 → 당년 간지)
[STEP 2] 연주(年柱) = 을묘",easy
saju_ko_easy_0094,"양력 1999년 1월 4일에 태어난 사람의 사주 연주(年柱) 간지는? (입춘 기준, 예: 갑자)",무인,"사주 기둥 계산:
[STEP 1] 1999년 입춘 = 2월 4일 (입춘 이전 → 전년 간지)
[STEP 2] 연주(年柱) = 무인",easy
saju_ko_easy_0095,"양력 1987년 8월 16일에 태어난 사람의 사주 연주(年柱) 간지는? (입춘 기준, 예: 갑자)",정묘,"사주 기둥 계산:
[STEP 1] 1987년 입춘 = 2월 4일 (입춘 이후 → 당년 간지)
[STEP 2] 연주(年柱) = 정묘",easy
saju_ko_easy_0096,"양력 2004년 2월 12일에 태어난 사람의 사주 연주(年柱) 간지는? (입춘 기준, 예: 갑자)",갑신,"사주 기둥 계산:
[STEP 1] 2004년 입춘 = 2월 4일 (입춘 이후 → 당년 간지)
[STEP 2] 연주(年柱) = 갑신",easy
saju_ko_easy_0097,"양력 1983년 10월 25일에 태어난 사람의 사주 연주(年柱) 간지는? (입춘 기준, 예: 갑자)",계해,"사주 기둥 계산:
[STEP 1] 1983년 입춘 = 2월 4일 (입춘 이후 → 당년 간지)
[STEP 2] 연주(年柱) = 계해",easy
saju_ko_easy_0098,"양력 2005년 4월 12일에 태어난 사람의 사주 연주(年柱) 간지는? (입춘 기준, 예: 갑자)",을유,"사주 기둥 계산:
[STEP 1] 2005년 입춘 = 2월 4일 (입춘 이후 → 당년 간지)
[STEP 2] 연주(年柱) = 을유",easy
saju_ko_easy_0099,"양력 1958년 12월 1일에 태어난 사람의 사주 연주(年柱) 간지는? (입춘 기준, 예: 갑자)",무술,"사주 기둥 계산:
[STEP 1] 1958년 입춘 = 2월 4일 (입춘 이후 → 당년 간지)
[STEP 2] 연주(年柱) = 무술",easy
saju_ko_medium_0000,사주에서 일주(日柱)가 '임자'인 사람이 21시에 태어났다. 시두법(五鼠遁)을 적용한 시주(時柱) 간지는? (예: 갑자),신해,"사주 기둥 계산:
[STEP 1] 주어진 일주 '임자'의 일간 = 임; 시지 = 해시 (21시)
[STEP 2] 시두법(五鼠遁) 적용 → 시주(時柱) = 신해",medium
saju_ko_medium_0001,사주에서 일주(日柱)가 '신미'인 사람이 15시에 태어났다. 시두법(五鼠遁)을 적용한 시주(時柱) 간지는? (예: 갑자),병신,"사주 기둥 계산:
[STEP 1] 주어진 일주 '신미'의 일간 = 신; 시지 = 신시 (15시)
[STEP 2] 시두법(五鼠遁) 적용 → 시주(時柱) = 병신",medium
saju_ko_medium_0002,사주에서 일주(日柱)가 '경진'인 사람이 6시에 태어났다. 시두법(五鼠遁)을 적용한 시주(時柱) 간지는? (예: 갑자),기묘,"사주 기둥 계산:
[STEP 1] 주어진 일주 '경진'의 일간 = 경; 시지 = 묘시 (6시)
[STEP 2] 시두법(五鼠遁) 적용 → 시주(時柱) = 기묘",medium
saju_ko_medium_0003,사주에서 일주(日柱)가 '을묘'인 사람이 6시에 태어났다. 시두법(五鼠遁)을 적용한 시주(時柱) 간지는? (예: 갑자),기묘,"사주 기둥 계산:
[STEP 1] 주어진 일주 '을묘'의 일간 = 을; 시지 = 묘시 (6시)
[STEP 2] 시두법(五鼠遁) 적용 → 시주(時柱) = 기묘",medium
saju_ko_medium_0004,사주에서 일주(日柱)가 '경오'인 사람이 6시에 태어났다. 시두법(五鼠遁)을 적용한 시주(時柱) 간지는? (예: 갑자),기묘,"사주 기둥 계산:
[STEP 1] 주어진 일주 '경오'의 일간 = 경; 시지 = 묘시 (6시)
[STEP 2] 시두법(五鼠遁) 적용 → 시주(時柱) = 기묘",medium
saju_ko_medium_0005,사주에서 일주(日柱)가 '무자'인 사람이 11시에 태어났다. 시두법(五鼠遁)을 적용한 시주(時柱) 간지는? (예: 갑자),무오,"사주 기둥 계산:
[STEP 1] 주어진 일주 '무자'의 일간 = 무; 시지 = 오시 (11시)
[STEP 2] 시두법(五鼠遁) 적용 → 시주(時柱) = 무오",medium
saju_ko_medium_0006,사주에서 일주(日柱)가 '경오'인 사람이 19시에 태어났다. 시두법(五鼠遁)을 적용한 시주(時柱) 간지는? (예: 갑자),병술,"사주 기둥 계산:
[STEP 1] 주어진 일주 '경오'의 일간 = 경; 시지 = 술시 (19시)
[STEP 2] 시두법(五鼠遁) 적용 → 시주(時柱) = 병술",medium
saju_ko_medium_0007,사주에서 일주(日柱)가 '계유'인 사람이 18시에 태어났다. 시두법(五鼠遁)을 적용한 시주(時柱) 간지는? (예: 갑자),신유,"사주 기둥 계산:
[STEP 1] 주어진 일주 '계유'의 일간 = 계; 시지 = 유시 (18시)
[STEP 2] 시두법(五鼠遁) 적용 → 시주(時柱) = 신유",medium
saju_ko_medium_0008,사주에서 일주(日柱)가 '갑진'인 사람이 21시에 태어났다. 시두법(五鼠遁)을 적용한 시주(時柱) 간지는? (예: 갑자),을해,"사주 기둥 계산:
[STEP 1] 주어진 일주 '갑진'의 일간 = 갑; 시지 = 해시 (21시)
[STEP 2] 시두법(五鼠遁) 적용 → 시주(時柱) = 을해",medium
saju_ko_medium_0009,사주에서 일주(日柱)가 '경신'인 사람이 16시에 태어났다. 시두법(五鼠遁)을 적용한 시주(時柱) 간지는? (예: 갑자),갑신,"사주 기둥 계산:
[STEP 1] 주어진 일주 '경신'의 일간 = 경; 시지 = 신시 (16시)
[STEP 2] 시두법(五鼠遁) 적용 → 시주(時柱) = 갑신",medium
saju_ko_medium_0010,사주에서 일주(日柱)가 '정미'인 사람이 10시에 태어났다. 시두법(五鼠遁)을 적용한 시주(時柱) 간지는? (예: 갑자),을사,"사주 기둥 계산:
[STEP 1] 주어진 일주 '정미'의 일간 = 정; 시지 = 사시 (10시)
[STEP 2] 시두법(五鼠遁) 적용 → 시주(時柱) = 을사",medium
saju_ko_medium_0011,사주에서 일주(日柱)가 '을미'인 사람이 20시에 태어났다. 시두법(五鼠遁)을 적용한 시주(時柱) 간지는? (예: 갑자),병술,"사주 기둥 계산:
[STEP 1] 주어진 일주 '을미'의 일간 = 을; 시지 = 술시 (20시)
[STEP 2] 시두법(五鼠遁) 적용 → 시주(時柱) = 병술",medium
saju_ko_medium_0012,사주에서 일주(日柱)가 '무술'인 사람이 19시에 태어났다. 시두법(五鼠遁)을 적용한 시주(時柱) 간지는? (예: 갑자),임술,"사주 기둥 계산:
[STEP 1] 주어진 일주 '무술'의 일간 = 무; 시지 = 술시 (19시)
[STEP 2] 시두법(五鼠遁) 적용 → 시주(時柱) = 임술",medium
saju_ko_medium_0013,사주에서 일주(日柱)가 '갑자'인 사람이 10시에 태어났다. 시두법(五鼠遁)을 적용한 시주(時柱) 간지는? (예: 갑자),기사,"사주 기둥 계산:
[STEP 1] 주어진 일주 '갑자'의 일간 = 갑; 시지 = 사시 (10시)
[STEP 2] 시두법(五鼠遁) 적용 → 시주(時柱) = 기사",medium
saju_ko_medium_0014,사주에서 일주(日柱)가 '병진'인 사람이 10시에 태어났다. 시두법(五鼠遁)을 적용한 시주(時柱) 간지는? (예: 갑자),계사,"사주 기둥 계산:
[STEP 1] 주어진 일주 '병진'의 일간 = 병; 시지 = 사시 (10시)
[STEP 2] 시두법(五鼠遁) 적용 → 시주(時柱) = 계사",medium
saju_ko_medium_0015,사주에서 일주(日柱)가 '정유'인 사람이 4시에 태어났다. 시두법(五鼠遁)을 적용한 시주(時柱) 간지는? (예: 갑자),임인,"사주 기둥 계산:
[STEP 1] 주어진 일주 '정유'의 일간 = 정; 시지 = 인시 (4시)
[STEP 2] 시두법(五鼠遁) 적용 → 시주(時柱) = 임인",medium
saju_ko_medium_0016,사주에서 일주(日柱)가 '임인'인 사람이 4시에 태어났다. 시두법(五鼠遁)을 적용한 시주(時柱) 간지는? (예: 갑자),임인,"사주 기둥 계산:
[STEP 1] 주어진 일주 '임인'의 일간 = 임; 시지 = 인시 (4시)
[STEP 2] 시두법(五鼠遁) 적용 → 시주(時柱) = 임인",medium
saju_ko_medium_0017,사주에서 일주(日柱)가 '신축'인 사람이 9시에 태어났다. 시두법(五鼠遁)을 적용한 시주(時柱) 간지는? (예: 갑자),계사,"사주 기둥 계산:
[STEP 1] 주어진 일주 '신축'의 일간 = 신; 시지 = 사시 (9시)
[STEP 2] 시두법(五鼠遁) 적용 → 시주(時柱) = 계사",medium
saju_ko_medium_0018,사주에서 일주(日柱)가 '무진'인 사람이 2시에 태어났다. 시두법(五鼠遁)을 적용한 시주(時柱) 간지는? (예: 갑자),계축,"사주 기둥 계산:
[STEP 1] 주어진 일주 '무진'의 일간 = 무; 시지 = 축시 (2시)
[STEP 2] 시두법(五鼠遁) 적용 → 시주(時柱) = 계축",medium
saju_ko_medium_0019,사주에서 일주(日柱)가 '무진'인 사람이 7시에 태어났다. 시두법(五鼠遁)을 적용한 시주(時柱) 간지는? (예: 갑자),병진,"사주 기둥 계산:
[STEP 1] 주어진 일주 '무진'의 일간 = 무; 시지 = 진시 (7시)
[STEP 2] 시두법(五鼠遁) 적용 → 시주(時柱) = 병진",medium
saju_ko_medium_0020,사주에서 일주(日柱)가 '병인'인 사람이 9시에 태어났다. 시두법(五鼠遁)을 적용한 시주(時柱) 간지는? (예: 갑자),계사,"사주 기둥 계산:
[STEP 1] 주어진 일주 '병인'의 일간 = 병; 시지 = 사시 (9시)
[STEP 2] 시두법(五鼠遁) 적용 → 시주(時柱) = 계사",medium
saju_ko_medium_0021,사주에서 일주(日柱)가 '임자'인 사람이 14시에 태어났다. 시두법(五鼠遁)을 적용한 시주(時柱) 간지는? (예: 갑자),정미,"사주 기둥 계산:
[STEP 1] 주어진 일주 '임자'의 일간 = 임; 시지 = 미시 (14시)
[STEP 2] 시두법(五鼠遁) 적용 → 시주(時柱) = 정미",medium
saju_ko_medium_0022,사주에서 일주(日柱)가 '기미'인 사람이 5시에 태어났다. 시두법(五鼠遁)을 적용한 시주(時柱) 간지는? (예: 갑자),정묘,"사주 기둥 계산:
[STEP 1] 주어진 일주 '기미'의 일간 = 기; 시지 = 묘시 (5시)
[STEP 2] 시두법(五鼠遁) 적용 → 시주(時柱) = 정묘",medium
saju_ko_medium_0023,사주에서 일주(日柱)가 '기미'인 사람이 20시에 태어났다. 시두법(五鼠遁)을 적용한 시주(時柱) 간지는? (예: 갑자),갑술,"사주 기둥 계산:
[STEP 1] 주어진 일주 '기미'의 일간 = 기; 시지 = 술시 (20시)
[STEP 2] 시두법(五鼠遁) 적용 → 시주(時柱) = 갑술",medium
saju_ko_medium_0024,사주에서 일주(日柱)가 '정해'인 사람이 16시에 태어났다. 시두법(五鼠遁)을 적용한 시주(時柱) 간지는? (예: 갑자),무신,"사주 기둥 계산:
[STEP 1] 주어진 일주 '정해'의 일간 = 정; 시지 = 신시 (16시)
[STEP 2] 시두법(五鼠遁) 적용 → 시주(時柱) = 무신",medium
saju_ko_medium_0025,사주에서 일주(日柱)가 '신유'인 사람이 16시에 태어났다. 시두법(五鼠遁)을 적용한 시주(時柱) 간지는? (예: 갑자),병신,"사주 기둥 계산:
[STEP 1] 주어진 일주 '신유'의 일간 = 신; 시지 = 신시 (16시)
[STEP 2] 시두법(五鼠遁) 적용 → 시주(時柱) = 병신",medium
saju_ko_medium_0026,사주에서 일주(日柱)가 '경자'인 사람이 2시에 태어났다. 시두법(五鼠遁)을 적용한 시주(時柱) 간지는? (예: 갑자),정축,"사주 기둥 계산:
[STEP 1] 주어진 일주 '경자'의 일간 = 경; 시지 = 축시 (2시)
[STEP 2] 시두법(五鼠遁) 적용 → 시주(時柱) = 정축",medium
saju_ko_medium_0027,사주에서 일주(日柱)가 '신해'인 사람이 13시에 태어났다. 시두법(五鼠遁)을 적용한 시주(時柱) 간지는? (예: 갑자),을미,"사주 기둥 계산:
[STEP 1] 주어진 일주 '신해'의 일간 = 신; 시지 = 미시 (13시)
[STEP 2] 시두법(五鼠遁) 적용 → 시주(時柱) = 을미",medium
saju_ko_medium_0028,사주에서 일주(日柱)가 '임오'인 사람이 17시에 태어났다. 시두법(五鼠遁)을 적용한 시주(時柱) 간지는? (예: 갑자),기유,"사주 기둥 계산:
[STEP 1] 주어진 일주 '임오'의 일간 = 임; 시지 = 유시 (17시)
[STEP 2] 시두법(五鼠遁) 적용 → 시주(時柱) = 기유",medium
saju_ko_medium_0029,사주에서 일주(日柱)가 '병진'인 사람이 15시에 태어났다. 시두법(五鼠遁)을 적용한 시주(時柱) 간지는? (예: 갑자),병신,"사주 기둥 계산:
[STEP 1] 주어진 일주 '병진'의 일간 = 병; 시지 = 신시 (15시)
[STEP 2] 시두법(五鼠遁) 적용 → 시주(時柱) = 병신",medium
saju_ko_medium_0030,사주에서 일주(日柱)가 '임인'인 사람이 18시에 태어났다. 시두법(五鼠遁)을 적용한 시주(時柱) 간지는? (예: 갑자),기유,"사주 기둥 계산:
[STEP 1] 주어진 일주 '임인'의 일간 = 임; 시지 = 유시 (18시)
[STEP 2] 시두법(五鼠遁) 적용 → 시주(時柱) = 기유",medium
saju_ko_medium_0031,사주에서 일주(日柱)가 '무오'인 사람이 0시에 태어났다. 시두법(五鼠遁)을 적용한 시주(時柱) 간지는? (예: 갑자),임자,"사주 기둥 계산:
[STEP 1] 주어진 일주 '무오'의 일간 = 무; 시지 = 자시 (0시)
[STEP 2] 시두법(五鼠遁) 적용 → 시주(時柱) = 임자",medium
saju_ko_medium_0032,사주에서 일주(日柱)가 '신해'인 사람이 5시에 태어났다. 시두법(五鼠遁)을 적용한 시주(時柱) 간지는? (예: 갑자),신묘,"사주 기둥 계산:
[STEP 1] 주어진 일주 '신해'의 일간 = 신; 시지 = 묘시 (5시)
[STEP 2] 시두법(五鼠遁) 적용 → 시주(時柱) = 신묘",medium
saju_ko_medium_0033,사주에서 일주(日柱)가 '병신'인 사람이 18시에 태어났다. 시두법(五鼠遁)을 적용한 시주(時柱) 간지는? (예: 갑자),정유,"사주 기둥 계산:
[STEP 1] 주어진 일주 '병신'의 일간 = 병; 시지 = 유시 (18시)
[STEP 2] 시두법(五鼠遁) 적용 → 시주(時柱) = 정유",medium
saju_ko_medium_0034,사주에서 일주(日柱)가 '을유'인 사람이 2시에 태어났다. 시두법(五鼠遁)을 적용한 시주(時柱) 간지는? (예: 갑자),정축,"사주 기둥 계산:
[STEP 1] 주어진 일주 '을유'의 일간 = 을; 시지 = 축시 (2시)
[STEP 2] 시두법(五鼠遁) 적용 → 시주(時柱) = 정축",medium
saju_ko_medium_0035,사주에서 일주(日柱)가 '기미'인 사람이 8시에 태어났다. 시두법(五鼠遁)을 적용한 시주(時柱) 간지는? (예: 갑자),무진,"사주 기둥 계산:
[STEP 1] 주어진 일주 '기미'의 일간 = 기; 시지 = 진시 (8시)
[STEP 2] 시두법(五鼠遁) 적용 → 시주(時柱) = 무진",medium
saju_ko_medium_0036,사주에서 일주(日柱)가 '계축'인 사람이 13시에 태어났다. 시두법(五鼠遁)을 적용한 시주(時柱) 간지는? (예: 갑자),기미,"사주 기둥 계산:
[STEP 1] 주어진 일주 '계축'의 일간 = 계; 시지 = 미시 (13시)
[STEP 2] 시두법(五鼠遁) 적용 → 시주(時柱) = 기미",medium
saju_ko_medium_0037,사주에서 일주(日柱)가 '을묘'인 사람이 12시에 태어났다. 시두법(五鼠遁)을 적용한 시주(時柱) 간지는? (예: 갑자),임오,"사주 기둥 계산:
[STEP 1] 주어진 일주 '을묘'의 일간 = 을; 시지 = 오시 (12시)
[STEP 2] 시두법(五鼠遁) 적용 → 시주(時柱) = 임오",medium
saju_ko_medium_0038,사주에서 일주(日柱)가 '갑술'인 사람이 20시에 태어났다. 시두법(五鼠遁)을 적용한 시주(時柱) 간지는? (예: 갑자),갑술,"사주 기둥 계산:
[STEP 1] 주어진 일주 '갑술'의 일간 = 갑; 시지 = 술시 (20시)
[STEP 2] 시두법(五鼠遁) 적용 → 시주(時柱) = 갑술",medium
saju_ko_medium_0039,사주에서 일주(日柱)가 '기묘'인 사람이 9시에 태어났다. 시두법(五鼠遁)을 적용한 시주(時柱) 간지는? (예: 갑자),기사,"사주 기둥 계산:
[STEP 1] 주어진 일주 '기묘'의 일간 = 기; 시지 = 사시 (9시)
[STEP 2] 시두법(五鼠遁) 적용 → 시주(時柱) = 기사",medium
saju_ko_medium_0040,사주에서 일주(日柱)가 '정묘'인 사람이 1시에 태어났다. 시두법(五鼠遁)을 적용한 시주(時柱) 간지는? (예: 갑자),신축,"사주 기둥 계산:
[STEP 1] 주어진 일주 '정묘'의 일간 = 정; 시지 = 축시 (1시)
[STEP 2] 시두법(五鼠遁) 적용 → 시주(時柱) = 신축",medium
saju_ko_medium_0041,사주에서 일주(日柱)가 '경인'인 사람이 4시에 태어났다. 시두법(五鼠遁)을 적용한 시주(時柱) 간지는? (예: 갑자),무인,"사주 기둥 계산:
[STEP 1] 주어진 일주 '경인'의 일간 = 경; 시지 = 인시 (4시)
[STEP 2] 시두법(五鼠遁) 적용 → 시주(時柱) = 무인",medium
saju_ko_medium_0042,사주에서 일주(日柱)가 '경신'인 사람이 19시에 태어났다. 시두법(五鼠遁)을 적용한 시주(時柱) 간지는? (예: 갑자),병술,"사주 기둥 계산:
[STEP 1] 주어진 일주 '경신'의 일간 = 경; 시지 = 술시 (19시)
[STEP 2] 시두법(五鼠遁) 적용 → 시주(時柱) = 병술",medium
saju_ko_medium_0043,사주에서 일주(日柱)가 '정미'인 사람이 22시에 태어났다. 시두법(五鼠遁)을 적용한 시주(時柱) 간지는? (예: 갑자),신해,"사주 기둥 계산:
[STEP 1] 주어진 일주 '정미'의 일간 = 정; 시지 = 해시 (22시)
[STEP 2] 시두법(五鼠遁) 적용 → 시주(時柱) = 신해",medium
saju_ko_medium_0044,사주에서 일주(日柱)가 '을묘'인 사람이 11시에 태어났다. 시두법(五鼠遁)을 적용한 시주(時柱) 간지는? (예: 갑자),임오,"사주 기둥 계산:
[STEP 1] 주어진 일주 '을묘'의 일간 = 을; 시지 = 오시 (11시)
[STEP 2] 시두법(五鼠遁) 적용 → 시주(時柱) = 임오",medium
saju_ko_medium_0045,사주에서 일주(日柱)가 '병인'인 사람이 19시에 태어났다. 시두법(五鼠遁)을 적용한 시주(時柱) 간지는? (예: 갑자),무술,"사주 기둥 계산:
[STEP 1] 주어진 일주 '병인'의 일간 = 병; 시지 = 술시 (19시)
[STEP 2] 시두법(五鼠遁) 적용 → 시주(時柱) = 무술",medium
saju_ko_medium_0046,사주에서 일주(日柱)가 '무자'인 사람이 14시에 태어났다. 시두법(五鼠遁)을 적용한 시주(時柱) 간지는? (예: 갑자),기미,"사주 기둥 계산:
[STEP 1] 주어진 일주 '무자'의 일간 = 무; 시지 = 미시 (14시)
[STEP 2] 시두법(五鼠遁) 적용 → 시주(時柱) = 기미",medium
saju_ko_medium_0047,사주에서 일주(日柱)가 '경오'인 사람이 15시에 태어났다. 시두법(五鼠遁)을 적용한 시주(時柱) 간지는? (예: 갑자),갑신,"사주 기둥 계산:
[STEP 1] 주어진 일주 '경오'의 일간 = 경; 시지 = 신시 (15시)
[STEP 2] 시두법(五鼠遁) 적용 → 시주(時柱) = 갑신",medium
saju_ko_medium_0048,사주에서 일주(日柱)가 '을축'인 사람이 1시에 태어났다. 시두법(五鼠遁)을 적용한 시주(時柱) 간지는? (예: 갑자),정축,"사주 기둥 계산:
[STEP 1] 주어진 일주 '을축'의 일간 = 을; 시지 = 축시 (1시)
[STEP 2] 시두법(五鼠遁) 적용 → 시주(時柱) = 정축",medium
saju_ko_medium_0049,사주에서 일주(日柱)가 '갑진'인 사람이 10시에 태어났다. 시두법(五鼠遁)을 적용한 시주(時柱) 간지는? (예: 갑자),기사,"사주 기둥 계산:
[STEP 1] 주어진 일주 '갑진'의 일간 = 갑; 시지 = 사시 (10시)
[STEP 2] 시두법(五鼠遁) 적용 → 시주(時柱) = 기사",medium
saju_ko_medium_0050,사주에서 일주(日柱)가 '무신'인 사람이 17시에 태어났다. 시두법(五鼠遁)을 적용한 시주(時柱) 간지는? (예: 갑자),신유,"사주 기둥 계산:
[STEP 1] 주어진 일주 '무신'의 일간 = 무; 시지 = 유시 (17시)
[STEP 2] 시두법(五鼠遁) 적용 → 시주(時柱) = 신유",medium
saju_ko_medium_0051,사주에서 일주(日柱)가 '병자'인 사람이 12시에 태어났다. 시두법(五鼠遁)을 적용한 시주(時柱) 간지는? (예: 갑자),갑오,"사주 기둥 계산:
[STEP 1] 주어진 일주 '병자'의 일간 = 병; 시지 = 오시 (12시)
[STEP 2] 시두법(五鼠遁) 적용 → 시주(時柱) = 갑오",medium
saju_ko_medium_0052,사주에서 일주(日柱)가 '신미'인 사람이 1시에 태어났다. 시두법(五鼠遁)을 적용한 시주(時柱) 간지는? (예: 갑자),기축,"사주 기둥 계산:
[STEP 1] 주어진 일주 '신미'의 일간 = 신; 시지 = 축시 (1시)
[STEP 2] 시두법(五鼠遁) 적용 → 시주(時柱) = 기축",medium
saju_ko_medium_0053,사주에서 일주(日柱)가 '계묘'인 사람이 20시에 태어났다. 시두법(五鼠遁)을 적용한 시주(時柱) 간지는? (예: 갑자),임술,"사주 기둥 계산:
[STEP 1] 주어진 일주 '계묘'의 일간 = 계; 시지 = 술시 (20시)
[STEP 2] 시두법(五鼠遁) 적용 → 시주(時柱) = 임술",medium
saju_ko_medium_0054,사주에서 일주(日柱)가 '을사'인 사람이 3시에 태어났다. 시두법(五鼠遁)을 적용한 시주(時柱) 간지는? (예: 갑자),무인,"사주 기둥 계산:
[STEP 1] 주어진 일주 '을사'의 일간 = 을; 시지 = 인시 (3시)
[STEP 2] 시두법(五鼠遁) 적용 → 시주(時柱) = 무인",medium
saju_ko_medium_0055,사주에서 일주(日柱)가 '갑인'인 사람이 4시에 태어났다. 시두법(五鼠遁)을 적용한 시주(時柱) 간지는? (예: 갑자),병인,"사주 기둥 계산:
[STEP 1] 주어진 일주 '갑인'의 일간 = 갑; 시지 = 인시 (4시)
[STEP 2] 시두법(五鼠遁) 적용 → 시주(時柱) = 병인",medium
saju_ko_medium_0056,사주에서 일주(日柱)가 '을묘'인 사람이 9시에 태어났다. 시두법(五鼠遁)을 적용한 시주(時柱) 간지는? (예: 갑자),신사,"사주 기둥 계산:
[STEP 1] 주어진 일주 '을묘'의 일간 = 을; 시지 = 사시 (9시)
[STEP 2] 시두법(五鼠遁) 적용 → 시주(時柱) = 신사",medium
saju_ko_medium_0057,사주에서 일주(日柱)가 '정유'인 사람이 6시에 태어났다. 시두법(五鼠遁)을 적용한 시주(時柱) 간지는? (예: 갑자),계묘,"사주 기둥 계산:
[STEP 1] 주어진 일주 '정유'의 일간 = 정; 시지 = 묘시 (6시)
[STEP 2] 시두법(五鼠遁) 적용 → 시주(時柱) = 계묘",medium
saju_ko_medium_0058,사주에서 일주(日柱)가 '갑인'인 사람이 12시에 태어났다. 시두법(五鼠遁)을 적용한 시주(時柱) 간지는? (예: 갑자),경오,"사주 기둥 계산:
[STEP 1] 주어진 일주 '갑인'의 일간 = 갑; 시지 = 오시 (12시)
[STEP 2] 시두법(五鼠遁) 적용 → 시주(時柱) = 경오",medium
saju_ko_medium_0059,사주에서 일주(日柱)가 '정해'인 사람이 6시에 태어났다. 시두법(五鼠遁)을 적용한 시주(時柱) 간지는? (예: 갑자),계묘,"사주 기둥 계산:
[STEP 1] 주어진 일주 '정해'의 일간 = 정; 시지 = 묘시 (6시)
[STEP 2] 시두법(五鼠遁) 적용 → 시주(時柱) = 계묘",medium
saju_ko_medium_0060,사주에서 일주(日柱)가 '병술'인 사람이 20시에 태어났다. 시두법(五鼠遁)을 적용한 시주(時柱) 간지는? (예: 갑자),무술,"사주 기둥 계산:
[STEP 1] 주어진 일주 '병술'의 일간 = 병; 시지 = 술시 (20시)
[STEP 2] 시두법(五鼠遁) 적용 → 시주(時柱) = 무술",medium
saju_ko_medium_0061,사주에서 일주(日柱)가 '병인'인 사람이 1시에 태어났다. 시두법(五鼠遁)을 적용한 시주(時柱) 간지는? (예: 갑자),기축,"사주 기둥 계산:
[STEP 1] 주어진 일주 '병인'의 일간 = 병; 시지 = 축시 (1시)
[STEP 2] 시두법(五鼠遁) 적용 → 시주(時柱) = 기축",medium
saju_ko_medium_0062,사주에서 일주(日柱)가 '경진'인 사람이 0시에 태어났다. 시두법(五鼠遁)을 적용한 시주(時柱) 간지는? (예: 갑자),병자,"사주 기둥 계산:
[STEP 1] 주어진 일주 '경진'의 일간 = 경; 시지 = 자시 (0시)
[STEP 2] 시두법(五鼠遁) 적용 → 시주(時柱) = 병자",medium
saju_ko_medium_0063,사주에서 일주(日柱)가 '무인'인 사람이 2시에 태어났다. 시두법(五鼠遁)을 적용한 시주(時柱) 간지는? (예: 갑자),계축,"사주 기둥 계산:
[STEP 1] 주어진 일주 '무인'의 일간 = 무; 시지 = 축시 (2시)
[STEP 2] 시두법(五鼠遁) 적용 → 시주(時柱) = 계축",medium
saju_ko_medium_0064,사주에서 일주(日柱)가 '병신'인 사람이 9시에 태어났다. 시두법(五鼠遁)을 적용한 시주(時柱) 간지는? (예: 갑자),계사,"사주 기둥 계산:
[STEP 1] 주어진 일주 '병신'의 일간 = 병; 시지 = 사시 (9시)
[STEP 2] 시두법(五鼠遁) 적용 → 시주(時柱) = 계사",medium
saju_ko_medium_0065,사주에서 일주(日柱)가 '계유'인 사람이 13시에 태어났다. 시두법(五鼠遁)을 적용한 시주(時柱) 간지는? (예: 갑자),기미,"사주 기둥 계산:
[STEP 1] 주어진 일주 '계유'의 일간 = 계; 시지 = 미시 (13시)
[STEP 2] 시두법(五鼠遁) 적용 → 시주(時柱) = 기미",medium
saju_ko_medium_0066,사주에서 일주(日柱)가 '계해'인 사람이 2시에 태어났다. 시두법(五鼠遁)을 적용한 시주(時柱) 간지는? (예: 갑자),계축,"사주 기둥 계산:
[STEP 1] 주어진 일주 '계해'의 일간 = 계; 시지 = 축시 (2시)
[STEP 2] 시두법(五鼠遁) 적용 → 시주(時柱) = 계축",medium
saju_ko_medium_0067,사주에서 일주(日柱)가 '경인'인 사람이 2시에 태어났다. 시두법(五鼠遁)을 적용한 시주(時柱) 간지는? (예: 갑자),정축,"사주 기둥 계산:
[STEP 1] 주어진 일주 '경인'의 일간 = 경; 시지 = 축시 (2시)
[STEP 2] 시두법(五鼠遁) 적용 → 시주(時柱) = 정축",medium
saju_ko_medium_0068,사주에서 일주(日柱)가 '갑인'인 사람이 14시에 태어났다. 시두법(五鼠遁)을 적용한 시주(時柱) 간지는? (예: 갑자),신미,"사주 기둥 계산:
[STEP 1] 주어진 일주 '갑인'의 일간 = 갑; 시지 = 미시 (14시)
[STEP 2] 시두법(五鼠遁) 적용 → 시주(時柱) = 신미",medium
saju_ko_medium_0069,사주에서 일주(日柱)가 '정미'인 사람이 13시에 태어났다. 시두법(五鼠遁)을 적용한 시주(時柱) 간지는? (예: 갑자),정미,"사주 기둥 계산:
[STEP 1] 주어진 일주 '정미'의 일간 = 정; 시지 = 미시 (13시)
[STEP 2] 시두법(五鼠遁) 적용 → 시주(時柱) = 정미",medium
saju_ko_medium_0070,사주에서 일주(日柱)가 '을미'인 사람이 10시에 태어났다. 시두법(五鼠遁)을 적용한 시주(時柱) 간지는? (예: 갑자),신사,"사주 기둥 계산:
[STEP 1] 주어진 일주 '을미'의 일간 = 을; 시지 = 사시 (10시)
[STEP 2] 시두법(五鼠遁) 적용 → 시주(時柱) = 신사",medium
saju_ko_medium_0071,사주에서 일주(日柱)가 '기사'인 사람이 11시에 태어났다. 시두법(五鼠遁)을 적용한 시주(時柱) 간지는? (예: 갑자),경오,"사주 기둥 계산:
[STEP 1] 주어진 일주 '기사'의 일간 = 기; 시지 = 오시 (11시)
[STEP 2] 시두법(五鼠遁) 적용 → 시주(時柱) = 경오",medium
saju_ko_medium_0072,사주에서 일주(日柱)가 '신미'인 사람이 11시에 태어났다. 시두법(五鼠遁)을 적용한 시주(時柱) 간지는? (예: 갑자),갑오,"사주 기둥 계산:
[STEP 1] 주어진 일주 '신미'의 일간 = 신; 시지 = 오시 (11시)
[STEP 2] 시두법(五鼠遁) 적용 → 시주(時柱) = 갑오",medium
saju_ko_medium_0073,사주에서 일주(日柱)가 '병술'인 사람이 11시에 태어났다. 시두법(五鼠遁)을 적용한 시주(時柱) 간지는? (예: 갑자),갑오,"사주 기둥 계산:
[STEP 1] 주어진 일주 '병술'의 일간 = 병; 시지 = 오시 (11시)
[STEP 2] 시두법(五鼠遁) 적용 → 시주(時柱) = 갑오",medium
saju_ko_medium_0074,사주에서 일주(日柱)가 '갑자'인 사람이 7시에 태어났다. 시두법(五鼠遁)을 적용한 시주(時柱) 간지는? (예: 갑자),무진,"사주 기둥 계산:
[STEP 1] 주어진 일주 '갑자'의 일간 = 갑; 시지 = 진시 (7시)
[STEP 2] 시두법(五鼠遁) 적용 → 시주(時柱) = 무진",medium
saju_ko_medium_0075,사주에서 일주(日柱)가 '무진'인 사람이 19시에 태어났다. 시두법(五鼠遁)을 적용한 시주(時柱) 간지는? (예: 갑자),임술,"사주 기둥 계산:
[STEP 1] 주어진 일주 '무진'의 일간 = 무; 시지 = 술시 (19시)
[STEP 2] 시두법(五鼠遁) 적용 → 시주(時柱) = 임술",medium
saju_ko_medium_0076,사주에서 일주(日柱)가 '정축'인 사람이 0시에 태어났다. 시두법(五鼠遁)을 적용한 시주(時柱) 간지는? (예: 갑자),경자,"사주 기둥 계산:
[STEP 1] 주어진 일주 '정축'의 일간 = 정; 시지 = 자시 (0시)
[STEP 2] 시두법(五鼠遁) 적용 → 시주(時柱) = 경자",medium
saju_ko_medium_0077,사주에서 일주(日柱)가 '병오'인 사람이 21시에 태어났다. 시두법(五鼠遁)을 적용한 시주(時柱) 간지는? (예: 갑자),기해,"사주 기둥 계산:
[STEP 1] 주어진 일주 '병오'의 일간 = 병; 시지 = 해시 (21시)
[STEP 2] 시두법(五鼠遁) 적용 → 시주(時柱) = 기해",medium
saju_ko_medium_0078,사주에서 일주(日柱)가 '신해'인 사람이 0시에 태어났다. 시두법(五鼠遁)을 적용한 시주(時柱) 간지는? (예: 갑자),무자,"사주 기둥 계산:
[STEP 1] 주어진 일주 '신해'의 일간 = 신; 시지 = 자시 (0시)
[STEP 2] 시두법(五鼠遁) 적용 → 시주(時柱) = 무자",medium
saju_ko_medium_0079,사주에서 일주(日柱)가 '정해'인 사람이 22시에 태어났다. 시두법(五鼠遁)을 적용한 시주(時柱) 간지는? (예: 갑자),신해,"사주 기둥 계산:
[STEP 1] 주어진 일주 '정해'의 일간 = 정; 시지 = 해시 (22시)
[STEP 2] 시두법(五鼠遁) 적용 → 시주(時柱) = 신해",medium
saju_ko_medium_0080,사주에서 일주(日柱)가 '계해'인 사람이 19시에 태어났다. 시두법(五鼠遁)을 적용한 시주(時柱) 간지는? (예: 갑자),임술,"사주 기둥 계산:
[STEP 1] 주어진 일주 '계해'의 일간 = 계; 시지 = 술시 (19시)
[STEP 2] 시두법(五鼠遁) 적용 → 시주(時柱) = 임술",medium
saju_ko_medium_0081,사주에서 일주(日柱)가 '무오'인 사람이 4시에 태어났다. 시두법(五鼠遁)을 적용한 시주(時柱) 간지는? (예: 갑자),갑인,"사주 기둥 계산:
[STEP 1] 주어진 일주 '무오'의 일간 = 무; 시지 = 인시 (4시)
[STEP 2] 시두법(五鼠遁) 적용 → 시주(時柱) = 갑인",medium
saju_ko_medium_0082,사주에서 일주(日柱)가 '계사'인 사람이 3시에 태어났다. 시두법(五鼠遁)을 적용한 시주(時柱) 간지는? (예: 갑자),갑인,"사주 기둥 계산:
[STEP 1] 주어진 일주 '계사'의 일간 = 계; 시지 = 인시 (3시)
[STEP 2] 시두법(五鼠遁) 적용 → 시주(時柱) = 갑인",medium
saju_ko_medium_0083,사주에서 일주(日柱)가 '병술'인 사람이 22시에 태어났다. 시두법(五鼠遁)을 적용한 시주(時柱) 간지는? (예: 갑자),기해,"사주 기둥 계산:
[STEP 1] 주어진 일주 '병술'의 일간 = 병; 시지 = 해시 (22시)
[STEP 2] 시두법(五鼠遁) 적용 → 시주(時柱) = 기해",medium
saju_ko_medium_0084,사주에서 일주(日柱)가 '임신'인 사람이 0시에 태어났다. 시두법(五鼠遁)을 적용한 시주(時柱) 간지는? (예: 갑자),경자,"사주 기둥 계산:
[STEP 1] 주어진 일주 '임신'의 일간 = 임; 시지 = 자시 (0시)
[STEP 2] 시두법(五鼠遁) 적용 → 시주(時柱) = 경자",medium
saju_ko_medium_0085,사주에서 일주(日柱)가 '정해'인 사람이 10시에 태어났다. 시두법(五鼠遁)을 적용한 시주(時柱) 간지는? (예: 갑자),을사,"사주 기둥 계산:
[STEP 1] 주어진 일주 '정해'의 일간 = 정; 시지 = 사시 (10시)
[STEP 2] 시두법(五鼠遁) 적용 → 시주(時柱) = 을사",medium
saju_ko_medium_0086,사주에서 일주(日柱)가 '임오'인 사람이 9시에 태어났다. 시두법(五鼠遁)을 적용한 시주(時柱) 간지는? (예: 갑자),을사,"사주 기둥 계산:
[STEP 1] 주어진 일주 '임오'의 일간 = 임; 시지 = 사시 (9시)
[STEP 2] 시두법(五鼠遁) 적용 → 시주(時柱) = 을사",medium
saju_ko_medium_0087,사주에서 일주(日柱)가 '을해'인 사람이 18시에 태어났다. 시두법(五鼠遁)을 적용한 시주(時柱) 간지는? (예: 갑자),을유,"사주 기둥 계산:
[STEP 1] 주어진 일주 '을해'의 일간 = 을; 시지 = 유시 (18시)
[STEP 2] 시두법(五鼠遁) 적용 → 시주(時柱) = 을유",medium
saju_ko_medium_0088,사주에서 일주(日柱)가 '경오'인 사람이 17시에 태어났다. 시두법(五鼠遁)을 적용한 시주(時柱) 간지는? (예: 갑자),을유,"사주 기둥 계산:
[STEP 1] 주어진 일주 '경오'의 일간 = 경; 시지 = 유시 (17시)
[STEP 2] 시두법(五鼠遁) 적용 → 시주(時柱) = 을유",medium
saju_ko_medium_0089,사주에서 일주(日柱)가 '갑술'인 사람이 12시에 태어났다. 시두법(五鼠遁)을 적용한 시주(時柱) 간지는? (예: 갑자),경오,"사주 기둥 계산:
[STEP 1] 주어진 일주 '갑술'의 일간 = 갑; 시지 = 오시 (12시)
[STEP 2] 시두법(五鼠遁) 적용 → 시주(時柱) = 경오",medium
saju_ko_medium_0090,사주에서 일주(日柱)가 '임신'인 사람이 7시에 태어났다. 시두법(五鼠遁)을 적용한 시주(時柱) 간지는? (예: 갑자),갑진,"사주 기둥 계산:
[STEP 1] 주어진 일주 '임신'의 일간 = 임; 시지 = 진시 (7시)
[STEP 2] 시두법(五鼠遁) 적용 → 시주(時柱) = 갑진",medium
saju_ko_medium_0091,사주에서 일주(日柱)가 '병신'인 사람이 7시에 태어났다. 시두법(五鼠遁)을 적용한 시주(時柱) 간지는? (예: 갑자),임진,"사주 기둥 계산:
[STEP 1] 주어진 일주 '병신'의 일간 = 병; 시지 = 진시 (7시)
[STEP 2] 시두법(五鼠遁) 적용 → 시주(時柱) = 임진",medium
saju_ko_medium_0092,사주에서 일주(日柱)가 '임자'인 사람이 5시에 태어났다. 시두법(五鼠遁)을 적용한 시주(時柱) 간지는? (예: 갑자),계묘,"사주 기둥 계산:
[STEP 1] 주어진 일주 '임자'의 일간 = 임; 시지 = 묘시 (5시)
[STEP 2] 시두법(五鼠遁) 적용 → 시주(時柱) = 계묘",medium
saju_ko_medium_0093,사주에서 일주(日柱)가 '정해'인 사람이 13시에 태어났다. 시두법(五鼠遁)을 적용한 시주(時柱) 간지는? (예: 갑자),정미,"사주 기둥 계산:
[STEP 1] 주어진 일주 '정해'의 일간 = 정; 시지 = 미시 (13시)
[STEP 2] 시두법(五鼠遁) 적용 → 시주(時柱) = 정미",medium
saju_ko_medium_0094,사주에서 일주(日柱)가 '기미'인 사람이 4시에 태어났다. 시두법(五鼠遁)을 적용한 시주(時柱) 간지는? (예: 갑자),병인,"사주 기둥 계산:
[STEP 1] 주어진 일주 '기미'의 일간 = 기; 시지 = 인시 (4시)
[STEP 2] 시두법(五鼠遁) 적용 → 시주(時柱) = 병인",medium
saju_ko_medium_0095,사주에서 일주(日柱)가 '기축'인 사람이 2시에 태어났다. 시두법(五鼠遁)을 적용한 시주(時柱) 간지는? (예: 갑자),을축,"사주 기둥 계산:
[STEP 1] 주어진 일주 '기축'의 일간 = 기; 시지 = 축시 (2시)
[STEP 2] 시두법(五鼠遁) 적용 → 시주(時柱) = 을축",medium
saju_ko_medium_0096,사주에서 일주(日柱)가 '임신'인 사람이 13시에 태어났다. 시두법(五鼠遁)을 적용한 시주(時柱) 간지는? (예: 갑자),정미,"사주 기둥 계산:
[STEP 1] 주어진 일주 '임신'의 일간 = 임; 시지 = 미시 (13시)
[STEP 2] 시두법(五鼠遁) 적용 → 시주(時柱) = 정미",medium
saju_ko_medium_0097,사주에서 일주(日柱)가 '기해'인 사람이 13시에 태어났다. 시두법(五鼠遁)을 적용한 시주(時柱) 간지는? (예: 갑자),신미,"사주 기둥 계산:
[STEP 1] 주어진 일주 '기해'의 일간 = 기; 시지 = 미시 (13시)
[STEP 2] 시두법(五鼠遁) 적용 → 시주(時柱) = 신미",medium
saju_ko_medium_0098,사주에서 일주(日柱)가 '신축'인 사람이 13시에 태어났다. 시두법(五鼠遁)을 적용한 시주(時柱) 간지는? (예: 갑자),을미,"사주 기둥 계산:
[STEP 1] 주어진 일주 '신축'의 일간 = 신; 시지 = 미시 (13시)
[STEP 2] 시두법(五鼠遁) 적용 → 시주(時柱) = 을미",medium
saju_ko_medium_0099,사주에서 일주(日柱)가 '갑진'인 사람이 11시에 태어났다. 시두법(五鼠遁)을 적용한 시주(時柱) 간지는? (예: 갑자),경오,"사주 기둥 계산:
[STEP 1] 주어진 일주 '갑진'의 일간 = 갑; 시지 = 오시 (11시)
[STEP 2] 시두법(五鼠遁) 적용 → 시주(時柱) = 경오",medium
saju_ko_hard_0000,"양력 1981년 8월 21일의 사주 일주(日柱) 간지는? (60갑자 일진, 예: 갑자)",신미,"사주 기둥 계산:
[STEP 1] 일주(日柱) = 연속 60갑자 일진 = 신미",hard
saju_ko_hard_0001,"양력 1957년 7월 14일 0시에 태어난 사람의 사주 시주(時柱) 간지는? (일간 + 시두법, 예: 갑자)",경자,"사주 기둥 계산:
[STEP 1] 일간 = 정; 시지 = 자시 (0시)
[STEP 2] 시두법(五鼠遁) 적용 → 시주(時柱) = 경자",hard
saju_ko_hard_0002,"양력 1991년 8월 7일 11시에 태어난 사람의 사주 시주(時柱) 간지는? (일간 + 시두법, 예: 갑자)",경오,"사주 기둥 계산:
[STEP 1] 일간 = 기; 시지 = 오시 (11시)
[STEP 2] 시두법(五鼠遁) 적용 → 시주(時柱) = 경오",hard
saju_ko_hard_0003,"양력 2010년 2월 6일 3시에 태어난 사람의 사주 시주(時柱) 간지는? (일간 + 시두법, 예: 갑자)",임인,"사주 기둥 계산:
[STEP 1] 일간 = 정; 시지 = 인시 (3시)
[STEP 2] 시두법(五鼠遁) 적용 → 시주(時柱) = 임인",hard
saju_ko_hard_0004,"양력 1964년 9월 20일 22시에 태어난 사람의 사주 시주(時柱) 간지는? (일간 + 시두법, 예: 갑자)",신해,"사주 기둥 계산:
[STEP 1] 일간 = 임; 시지 = 해시 (22시)
[STEP 2] 시두법(五鼠遁) 적용 → 시주(時柱) = 신해",hard
saju_ko_hard_0005,"양력 2007년 7월 6일의 사주 일주(日柱) 간지는? (60갑자 일진, 예: 갑자)",신축,"사주 기둥 계산:
[STEP 1] 일주(日柱) = 연속 60갑자 일진 = 신축",hard
saju_ko_hard_0006,"양력 2005년 3월 8일 14시에 태어난 사람의 사주 시주(時柱) 간지는? (일간 + 시두법, 예: 갑자)",을미,"사주 기둥 계산:
[STEP 1] 일간 = 신; 시지 = 미시 (14시)
[STEP 2] 시두법(五鼠遁) 적용 → 시주(時柱) = 을미",hard
saju_ko_hard_0007,"양력 1968년 6월 15일 20시에 태어난 사람의 사주 시주(時柱) 간지는? (일간 + 시두법, 예: 갑자)",무술,"사주 기둥 계산:
[STEP 1] 일간 = 병; 시지 = 술시 (20시)
[STEP 2] 시두법(五鼠遁) 적용 → 시주(時柱) = 무술",hard
saju_ko_hard_0008,"양력 2011년 4월 10일의 사주 일주(日柱) 간지는? (60갑자 일진, 예: 갑자)",을미,"사주 기둥 계산:
[STEP 1] 일주(日柱) = 연속 60갑자 일진 = 을미",hard
saju_ko_hard_0009,"양력 2007년 10월 15일의 사주 일주(日柱) 간지는? (60갑자 일진, 예: 갑자)",임오,"사주 기둥 계산:
[STEP 1] 일주(日柱) = 연속 60갑자 일진 = 임오",hard
saju_ko_hard_0010,"양력 1977년 5월 4일의 사주 일주(日柱) 간지는? (60갑자 일진, 예: 갑자)",신유,"사주 기둥 계산:
[STEP 1] 일주(日柱) = 연속 60갑자 일진 = 신유",hard
saju_ko_hard_0011,"양력 1969년 7월 23일 15시에 태어난 사람의 사주 시주(時柱) 간지는? (일간 + 시두법, 예: 갑자)",임신,"사주 기둥 계산:
[STEP 1] 일간 = 기; 시지 = 신시 (15시)
[STEP 2] 시두법(五鼠遁) 적용 → 시주(時柱) = 임신",hard
saju_ko_hard_0012,"양력 2013년 4월 18일의 사주 일주(日柱) 간지는? (60갑자 일진, 예: 갑자)",갑인,"사주 기둥 계산:
[STEP 1] 일주(日柱) = 연속 60갑자 일진 = 갑인",hard
saju_ko_hard_0013,"양력 1985년 11월 1일 3시에 태어난 사람의 사주 시주(時柱) 간지는? (일간 + 시두법, 예: 갑자)",병인,"사주 기둥 계산:
[STEP 1] 일간 = 갑; 시지 = 인시 (3시)
[STEP 2] 시두법(五鼠遁) 적용 → 시주(時柱) = 병인",hard
saju_ko_hard_0014,"양력 1955년 1월 9일 12시에 태어난 사람의 사주 시주(時柱) 간지는? (일간 + 시두법, 예: 갑자)",임오,"사주 기둥 계산:
[STEP 1] 일간 = 경; 시지 = 오시 (12시)
[STEP 2] 시두법(五鼠遁) 적용 → 시주(時柱) = 임오",hard
saju_ko_hard_0015,"양력 2006년 2월 24일 8시에 태어난 사람의 사주 시주(時柱) 간지는? (일간 + 시두법, 예: 갑자)",무진,"사주 기둥 계산:
[STEP 1] 일간 = 갑; 시지 = 진시 (8시)
[STEP 2] 시두법(五鼠遁) 적용 → 시주(時柱) = 무진",hard
saju_ko_hard_0016,"양력 1986년 11월 7일 19시에 태어난 사람의 사주 시주(時柱) 간지는? (일간 + 시두법, 예: 갑자)",병술,"사주 기둥 계산:
[STEP 1] 일간 = 을; 시지 = 술시 (19시)
[STEP 2] 시두법(五鼠遁) 적용 → 시주(時柱) = 병술",hard
saju_ko_hard_0017,"양력 1954년 2월 26일의 사주 일주(日柱) 간지는? (60갑자 일진, 예: 갑자)",계축,"사주 기둥 계산:
[STEP 1] 일주(日柱) = 연속 60갑자 일진 = 계축",hard
saju_ko_hard_0018,"양력 1989년 9월 11일 3시에 태어난 사람의 사주 시주(時柱) 간지는? (일간 + 시두법, 예: 갑자)",병인,"사주 기둥 계산:
[STEP 1] 일간 = 갑; 시지 = 인시 (3시)
[STEP 2] 시두법(五鼠遁) 적용 → 시주(時柱) = 병인",hard
saju_ko_hard_0019,"양력 1970년 2월 14일의 사주 일주(日柱) 간지는? (60갑자 일진, 예: 갑자)",을축,"사주 기둥 계산:
[STEP 1] 일주(日柱) = 연속 60갑자 일진 = 을축",hard
saju_ko_hard_0020,"양력 1986년 9월 5일 18시에 태어난 사람의 사주 시주(時柱) 간지는? (일간 + 시두법, 예: 갑자)",기유,"사주 기둥 계산:
[STEP 1] 일간 = 임; 시지 = 유시 (18시)
[STEP 2] 시두법(五鼠遁) 적용 → 시주(時柱) = 기유",hard
saju_ko_hard_0021,"양력 1963년 7월 21일의 사주 일주(日柱) 간지는? (60갑자 일진, 예: 갑자)",을축,"사주 기둥 계산:
[STEP 1] 일주(日柱) = 연속 60갑자 일진 = 을축",hard
saju_ko_hard_0022,"양력 1985년 5월 15일 11시에 태어난 사람의 사주 시주(時柱) 간지는? (일간 + 시두법, 예: 갑자)",경오,"사주 기둥 계산:
[STEP 1] 일간 = 갑; 시지 = 오시 (11시)
[STEP 2] 시두법(五鼠遁) 적용 → 시주(時柱) = 경오",hard
saju_ko_hard_0023,"양력 1970년 2월 23일의 사주 일주(日柱) 간지는? (60갑자 일진, 예: 갑자)",갑술,"사주 기둥 계산:
[STEP 1] 일주(日柱) = 연속 60갑자 일진 = 갑술",hard
saju_ko_hard_0024,"양력 1998년 7월 19일의 사주 일주(日柱) 간지는? (60갑자 일진, 예: 갑자)",정묘,"사주 기둥 계산:
[STEP 1] 일주(日柱) = 연속 60갑자 일진 = 정묘",hard
saju_ko_hard_0025,"양력 1967년 9월 22일 9시에 태어난 사람의 사주 시주(時柱) 간지는? (일간 + 시두법, 예: 갑자)",기사,"사주 기둥 계산:
[STEP 1] 일간 = 기; 시지 = 사시 (9시)
[STEP 2] 시두법(五鼠遁) 적용 → 시주(時柱) = 기사",hard
saju_ko_hard_0026,"양력 2010년 12월 14일 6시에 태어난 사람의 사주 시주(時柱) 간지는? (일간 + 시두법, 예: 갑자)",을묘,"사주 기둥 계산:
[STEP 1] 일간 = 무; 시지 = 묘시 (6시)
[STEP 2] 시두법(五鼠遁) 적용 → 시주(時柱) = 을묘",hard
saju_ko_hard_0027,"양력 2012년 12월 17일 10시에 태어난 사람의 사주 시주(時柱) 간지는? (일간 + 시두법, 예: 갑자)",을사,"사주 기둥 계산:
[STEP 1] 일간 = 임; 시지 = 사시 (10시)
[STEP 2] 시두법(五鼠遁) 적용 → 시주(時柱) = 을사",hard
saju_ko_hard_0028,"양력 1957년 8월 10일 4시에 태어난 사람의 사주 시주(時柱) 간지는? (일간 + 시두법, 예: 갑자)",병인,"사주 기둥 계산:
[STEP 1] 일간 = 갑; 시지 = 인시 (4시)
[STEP 2] 시두법(五鼠遁) 적용 → 시주(時柱) = 병인",hard
saju_ko_hard_0029,"양력 1956년 10월 7일 0시에 태어난 사람의 사주 시주(時柱) 간지는? (일간 + 시두법, 예: 갑자)",경자,"사주 기둥 계산:
[STEP 1] 일간 = 정; 시지 = 자시 (0시)
[STEP 2] 시두법(五鼠遁) 적용 → 시주(時柱) = 경자",hard
saju_ko_hard_0030,"양력 2010년 7월 1일 16시에 태어난 사람의 사주 시주(時柱) 간지는? (일간 + 시두법, 예: 갑자)",무신,"사주 기둥 계산:
[STEP 1] 일간 = 임; 시지 = 신시 (16시)
[STEP 2] 시두법(五鼠遁) 적용 → 시주(時柱) = 무신",hard
saju_ko_hard_0031,"양력 1960년 11월 24일의 사주 일주(日柱) 간지는? (60갑자 일진, 예: 갑자)",병진,"사주 기둥 계산:
[STEP 1] 일주(日柱) = 연속 60갑자 일진 = 병진",hard
saju_ko_hard_0032,"양력 1950년 6월 2일 3시에 태어난 사람의 사주 시주(時柱) 간지는? (일간 + 시두법, 예: 갑자)",갑인,"사주 기둥 계산:
[STEP 1] 일간 = 무; 시지 = 인시 (3시)
[STEP 2] 시두법(五鼠遁) 적용 → 시주(時柱) = 갑인",hard
saju_ko_hard_0033,"양력 1984년 11월 23일의 사주 일주(日柱) 간지는? (60갑자 일진, 예: 갑자)",신유,"사주 기둥 계산:
[STEP 1] 일주(日柱) = 연속 60갑자 일진 = 신유",hard
saju_ko_hard_0034,"양력 1979년 3월 25일 18시에 태어난 사람의 사주 시주(時柱) 간지는? (일간 + 시두법, 예: 갑자)",정유,"사주 기둥 계산:
[STEP 1] 일간 = 신; 시지 = 유시 (18시)
[STEP 2] 시두법(五鼠遁) 적용 → 시주(時柱) = 정유",hard
saju_ko_hard_0035,"양력 1974년 2월 14일 14시에 태어난 사람의 사주 시주(時柱) 간지는? (일간 + 시두법, 예: 갑자)",을미,"사주 기둥 계산:
[STEP 1] 일간 = 병; 시지 = 미시 (14시)
[STEP 2] 시두법(五鼠遁) 적용 → 시주(時柱) = 을미",hard
saju_ko_hard_0036,"양력 1999년 3월 11일 13시에 태어난 사람의 사주 시주(時柱) 간지는? (일간 + 시두법, 예: 갑자)",정미,"사주 기둥 계산:
[STEP 1] 일간 = 임; 시지 = 미시 (13시)
[STEP 2] 시두법(五鼠遁) 적용 → 시주(時柱) = 정미",hard
saju_ko_hard_0037,"양력 1968년 8월 23일 4시에 태어난 사람의 사주 시주(時柱) 간지는? (일간 + 시두법, 예: 갑자)",무인,"사주 기둥 계산:
[STEP 1] 일간 = 을; 시지 = 인시 (4시)
[STEP 2] 시두법(五鼠遁) 적용 → 시주(時柱) = 무인",hard
saju_ko_hard_0038,"양력 1966년 4월 6일 14시에 태어난 사람의 사주 시주(時柱) 간지는? (일간 + 시두법, 예: 갑자)",계미,"사주 기둥 계산:
[STEP 1] 일간 = 을; 시지 = 미시 (14시)
[STEP 2] 시두법(五鼠遁) 적용 → 시주(時柱) = 계미",hard
saju_ko_hard_0039,"양력 1999년 7월 26일 15시에 태어난 사람의 사주 시주(時柱) 간지는? (일간 + 시두법, 예: 갑자)",임신,"사주 기둥 계산:
[STEP 1] 일간 = 기; 시지 = 신시 (15시)
[STEP 2] 시두법(五鼠遁) 적용 → 시주(時柱) = 임신",hard
saju_ko_hard_0040,"양력 1978년 4월 15일 6시에 태어난 사람의 사주 시주(時柱) 간지는? (일간 + 시두법, 예: 갑자)",계묘,"사주 기둥 계산:
[STEP 1] 일간 = 정; 시지 = 묘시 (6시)
[STEP 2] 시두법(五鼠遁) 적용 → 시주(時柱) = 계묘",hard
saju_ko_hard_0041,"양력 1999년 1월 8일의 사주 일주(日柱) 간지는? (60갑자 일진, 예: 갑자)",경신,"사주 기둥 계산:
[STEP 1] 일주(日柱) = 연속 60갑자 일진 = 경신",hard
saju_ko_hard_0042,"양력 1973년 6월 2일의 사주 일주(日柱) 간지는? (60갑자 일진, 예: 갑자)",기사,"사주 기둥 계산:
[STEP 1] 일주(日柱) = 연속 60갑자 일진 = 기사",hard
saju_ko_hard_0043,"양력 1979년 10월 10일의 사주 일주(日柱) 간지는? (60갑자 일진, 예: 갑자)",경술,"사주 기둥 계산:
[STEP 1] 일주(日柱) = 연속 60갑자 일진 = 경술",hard
saju_ko_hard_0044,"양력 2015년 5월 25일의 사주 일주(日柱) 간지는? (60갑자 일진, 예: 갑자)",신축,"사주 기둥 계산:
[STEP 1] 일주(日柱) = 연속 60갑자 일진 = 신축",hard
saju_ko_hard_0045,"양력 2002년 8월 2일 20시에 태어난 사람의 사주 시주(時柱) 간지는? (일간 + 시두법, 예: 갑자)",경술,"사주 기둥 계산:
[STEP 1] 일간 = 임; 시지 = 술시 (20시)
[STEP 2] 시두법(五鼠遁) 적용 → 시주(時柱) = 경술",hard
saju_ko_hard_0046,"양력 2008년 8월 9일 22시에 태어난 사람의 사주 시주(時柱) 간지는? (일간 + 시두법, 예: 갑자)",기해,"사주 기둥 계산:
[STEP 1] 일간 = 신; 시지 = 해시 (22시)
[STEP 2] 시두법(五鼠遁) 적용 → 시주(時柱) = 기해",hard
saju_ko_hard_0047,"양력 1977년 6월 9일 1시에 태어난 사람의 사주 시주(時柱) 간지는? (일간 + 시두법, 예: 갑자)",신축,"사주 기둥 계산:
[STEP 1] 일간 = 정; 시지 = 축시 (1시)
[STEP 2] 시두법(五鼠遁) 적용 → 시주(時柱) = 신축",hard
saju_ko_hard_0048,"양력 1956년 3월 12일의 사주 일주(日柱) 간지는? (60갑자 일진, 예: 갑자)",무인,"사주 기둥 계산:
[STEP 1] 일주(日柱) = 연속 60갑자 일진 = 무인",hard
saju_ko_hard_0049,"양력 1987년 11월 1일의 사주 일주(日柱) 간지는? (60갑자 일진, 예: 갑자)",갑인,"사주 기둥 계산:
[STEP 1] 일주(日柱) = 연속 60갑자 일진 = 갑인",hard
saju_ko_hard_0050,"양력 1958년 7월 22일의 사주 일주(日柱) 간지는? (60갑자 일진, 예: 갑자)",경자,"사주 기둥 계산:
[STEP 1] 일주(日柱) = 연속 60갑자 일진 = 경자",hard
saju_ko_hard_0051,"양력 2000년 9월 8일의 사주 일주(日柱) 간지는? (60갑자 일진, 예: 갑자)",기사,"사주 기둥 계산:
[STEP 1] 일주(日柱) = 연속 60갑자 일진 = 기사",hard
saju_ko_hard_0052,"양력 1974년 6월 20일 3시에 태어난 사람의 사주 시주(時柱) 간지는? (일간 + 시두법, 예: 갑자)",임인,"사주 기둥 계산:
[STEP 1] 일간 = 임; 시지 = 인시 (3시)
[STEP 2] 시두법(五鼠遁) 적용 → 시주(時柱) = 임인",hard
saju_ko_hard_0053,"양력 1990년 6월 18일의 사주 일주(日柱) 간지는? (60갑자 일진, 예: 갑자)",갑인,"사주 기둥 계산:
[STEP 1] 일주(日柱) = 연속 60갑자 일진 = 갑인",hard
saju_ko_hard_0054,"양력 1991년 5월 1일 16시에 태어난 사람의 사주 시주(時柱) 간지는? (일간 + 시두법, 예: 갑자)",병신,"사주 기둥 계산:
[STEP 1] 일간 = 신; 시지 = 신시 (16시)
[STEP 2] 시두법(五鼠遁) 적용 → 시주(時柱) = 병신",hard
saju_ko_hard_0055,"양력 1974년 6월 3일의 사주 일주(日柱) 간지는? (60갑자 일진, 예: 갑자)",을해,"사주 기둥 계산:
[STEP 1] 일주(日柱) = 연속 60갑자 일진 = 을해",hard
saju_ko_hard_0056,"양력 1994년 4월 27일의 사주 일주(日柱) 간지는? (60갑자 일진, 예: 갑자)",계미,"사주 기둥 계산:
[STEP 1] 일주(日柱) = 연속 60갑자 일진 = 계미",hard
saju_ko_hard_0057,"양력 1982년 11월 24일의 사주 일주(日柱) 간지는? (60갑자 일진, 예: 갑자)",신해,"사주 기둥 계산:
[STEP 1] 일주(日柱) = 연속 60갑자 일진 = 신해",hard
saju_ko_hard_0058,"양력 1989년 9월 28일 12시에 태어난 사람의 사주 시주(時柱) 간지는? (일간 + 시두법, 예: 갑자)",갑오,"사주 기둥 계산:
[STEP 1] 일간 = 신; 시지 = 오시 (12시)
[STEP 2] 시두법(五鼠遁) 적용 → 시주(時柱) = 갑오",hard
saju_ko_hard_0059,"양력 2011년 6월 28일 22시에 태어난 사람의 사주 시주(時柱) 간지는? (일간 + 시두법, 예: 갑자)",을해,"사주 기둥 계산:
[STEP 1] 일간 = 갑; 시지 = 해시 (22시)
[STEP 2] 시두법(五鼠遁) 적용 → 시주(時柱) = 을해",hard
saju_ko_hard_0060,"양력 1955년 5월 18일의 사주 일주(日柱) 간지는? (60갑자 일진, 예: 갑자)",기묘,"사주 기둥 계산:
[STEP 1] 일주(日柱) = 연속 60갑자 일진 = 기묘",hard
saju_ko_hard_0061,"양력 1951년 8월 16일의 사주 일주(日柱) 간지는? (60갑자 일진, 예: 갑자)",무자,"사주 기둥 계산:
[STEP 1] 일주(日柱) = 연속 60갑자 일진 = 무자",hard
saju_ko_hard_0062,"양력 1956년 7월 16일 14시에 태어난 사람의 사주 시주(時柱) 간지는? (일간 + 시두법, 예: 갑자)",신미,"사주 기둥 계산:
[STEP 1] 일간 = 갑; 시지 = 미시 (14시)
[STEP 2] 시두법(五鼠遁) 적용 → 시주(時柱) = 신미",hard
saju_ko_hard_0063,"양력 1965년 2월 3일 7시에 태어난 사람의 사주 시주(時柱) 간지는? (일간 + 시두법, 예: 갑자)",병진,"사주 기둥 계산:
[STEP 1] 일간 = 무; 시지 = 진시 (7시)
[STEP 2] 시두법(五鼠遁) 적용 → 시주(時柱) = 병진",hard
saju_ko_hard_0064,"양력 1969년 7월 7일의 사주 일주(日柱) 간지는? (60갑자 일진, 예: 갑자)",계미,"사주 기둥 계산:
[STEP 1] 일주(日柱) = 연속 60갑자 일진 = 계미",hard
saju_ko_hard_0065,"양력 1959년 7월 18일 12시에 태어난 사람의 사주 시주(時柱) 간지는? (일간 + 시두법, 예: 갑자)",갑오,"사주 기둥 계산:
[STEP 1] 일간 = 신; 시지 = 오시 (12시)
[STEP 2] 시두법(五鼠遁) 적용 → 시주(時柱) = 갑오",hard
saju_ko_hard_0066,"양력 1973년 4월 16일의 사주 일주(日柱) 간지는? (60갑자 일진, 예: 갑자)",임오,"사주 기둥 계산:
[STEP 1] 일주(日柱) = 연속 60갑자 일진 = 임오",hard
saju_ko_hard_0067,"양력 1966년 5월 12일의 사주 일주(日柱) 간지는? (60갑자 일진, 예: 갑자)",신미,"사주 기둥 계산:
[STEP 1] 일주(日柱) = 연속 60갑자 일진 = 신미",hard
saju_ko_hard_0068,"양력 2005년 2월 18일 9시에 태어난 사람의 사주 시주(時柱) 간지는? (일간 + 시두법, 예: 갑자)",정사,"사주 기둥 계산:
[STEP 1] 일간 = 계; 시지 = 사시 (9시)
[STEP 2] 시두법(五鼠遁) 적용 → 시주(時柱) = 정사",hard
saju_ko_hard_0069,"양력 1987년 8월 17일의 사주 일주(日柱) 간지는? (60갑자 일진, 예: 갑자)",무술,"사주 기둥 계산:
[STEP 1] 일주(日柱) = 연속 60갑자 일진 = 무술",hard
saju_ko_hard_0070,"양력 1983년 5월 8일 0시에 태어난 사람의 사주 시주(時柱) 간지는? (일간 + 시두법, 예: 갑자)",무자,"사주 기둥 계산:
[STEP 1] 일간 = 병; 시지 = 자시 (0시)
[STEP 2] 시두법(五鼠遁) 적용 → 시주(時柱) = 무자",hard
saju_ko_hard_0071,"양력 1962년 3월 24일의 사주 일주(日柱) 간지는? (60갑자 일진, 예: 갑자)",신유,"사주 기둥 계산:
[STEP 1] 일주(日柱) = 연속 60갑자 일진 = 신유",hard
saju_ko_hard_0072,"양력 1981년 4월 10일 23시에 태어난 사람의 사주 시주(時柱) 간지는? (일간 + 시두법, 예: 갑자)",임자,"사주 기둥 계산:
[STEP 1] 일간 = 무; 시지 = 자시 (23시)
[STEP 2] 시두법(五鼠遁) 적용 → 시주(時柱) = 임자",hard
saju_ko_hard_0073,"양력 2015년 7월 28일의 사주 일주(日柱) 간지는? (60갑자 일진, 예: 갑자)",을사,"사주 기둥 계산:
[STEP 1] 일주(日柱) = 연속 60갑자 일진 = 을사",hard
saju_ko_hard_0074,"양력 1965년 7월 21일의 사주 일주(日柱) 간지는? (60갑자 일진, 예: 갑자)",병자,"사주 기둥 계산:
[STEP 1] 일주(日柱) = 연속 60갑자 일진 = 병자",hard
saju_ko_hard_0075,"양력 1965년 12월 19일 11시에 태어난 사람의 사주 시주(時柱) 간지는? (일간 + 시두법, 예: 갑자)",병오,"사주 기둥 계산:
[STEP 1] 일간 = 정; 시지 = 오시 (11시)
[STEP 2] 시두법(五鼠遁) 적용 → 시주(時柱) = 병오",hard
saju_ko_hard_0076,"양력 1986년 4월 24일의 사주 일주(日柱) 간지는? (60갑자 일진, 예: 갑자)",무술,"사주 기둥 계산:
[STEP 1] 일주(日柱) = 연속 60갑자 일진 = 무술",hard
saju_ko_hard_0077,"양력 1958년 9월 10일의 사주 일주(日柱) 간지는? (60갑자 일진, 예: 갑자)",경인,"사주 기둥 계산:
[STEP 1] 일주(日柱) = 연속 60갑자 일진 = 경인",hard
saju_ko_hard_0078,"양력 1979년 6월 21일 15시에 태어난 사람의 사주 시주(時柱) 간지는? (일간 + 시두법, 예: 갑자)",임신,"사주 기둥 계산:
[STEP 1] 일간 = 기; 시지 = 신시 (15시)
[STEP 2] 시두법(五鼠遁) 적용 → 시주(時柱) = 임신",hard
saju_ko_hard_0079,"양력 1971년 3월 26일 0시에 태어난 사람의 사주 시주(時柱) 간지는? (일간 + 시두법, 예: 갑자)",병자,"사주 기둥 계산:
[STEP 1] 일간 = 경; 시지 = 자시 (0시)
[STEP 2] 시두법(五鼠遁) 적용 → 시주(時柱) = 병자",hard
saju_ko_hard_0080,"양력 1996년 10월 21일 0시에 태어난 사람의 사주 시주(時柱) 간지는? (일간 + 시두법, 예: 갑자)",무자,"사주 기둥 계산:
[STEP 1] 일간 = 신; 시지 = 자시 (0시)
[STEP 2] 시두법(五鼠遁) 적용 → 시주(時柱) = 무자",hard
saju_ko_hard_0081,"양력 2000년 3월 6일의 사주 일주(日柱) 간지는? (60갑자 일진, 예: 갑자)",계해,"사주 기둥 계산:
[STEP 1] 일주(日柱) = 연속 60갑자 일진 = 계해",hard
saju_ko_hard_0082,"양력 1967년 4월 26일의 사주 일주(日柱) 간지는? (60갑자 일진, 예: 갑자)",경신,"사주 기둥 계산:
[STEP 1] 일주(日柱) = 연속 60갑자 일진 = 경신",hard
saju_ko_hard_0083,"양력 1977년 4월 24일 4시에 태어난 사람의 사주 시주(時柱) 간지는? (일간 + 시두법, 예: 갑자)",경인,"사주 기둥 계산:
[STEP 1] 일간 = 신; 시지 = 인시 (4시)
[STEP 2] 시두법(五鼠遁) 적용 → 시주(時柱) = 경인",hard
saju_ko_hard_0084,"양력 1999년 6월 20일의 사주 일주(日柱) 간지는? (60갑자 일진, 예: 갑자)",계묘,"사주 기둥 계산:
[STEP 1] 일주(日柱) = 연속 60갑자 일진 = 계묘",hard
saju_ko_hard_0085,"양력 2013년 2월 20일의 사주 일주(日柱) 간지는? (60갑자 일진, 예: 갑자)",정사,"사주 기둥 계산:
[STEP 1] 일주(日柱) = 연속 60갑자 일진 = 정사",hard
saju_ko_hard_0086,"양력 1995년 8월 15일의 사주 일주(日柱) 간지는? (60갑자 일진, 예: 갑자)",무인,"사주 기둥 계산:
[STEP 1] 일주(日柱) = 연속 60갑자 일진 = 무인",hard
saju_ko_hard_0087,"양력 1951년 4월 18일 20시에 태어난 사람의 사주 시주(時柱) 간지는? (일간 + 시두법, 예: 갑자)",임술,"사주 기둥 계산:
[STEP 1] 일간 = 무; 시지 = 술시 (20시)
[STEP 2] 시두법(五鼠遁) 적용 → 시주(時柱) = 임술",hard
saju_ko_hard_0088,"양력 2013년 12월 16일의 사주 일주(日柱) 간지는? (60갑자 일진, 예: 갑자)",병진,"사주 기둥 계산:
[STEP 1] 일주(日柱) = 연속 60갑자 일진 = 병진",hard
saju_ko_hard_0089,"양력 1960년 5월 5일 19시에 태어난 사람의 사주 시주(時柱) 간지는? (일간 + 시두법, 예: 갑자)",임술,"사주 기둥 계산:
[STEP 1] 일간 = 계; 시지 = 술시 (19시)
[STEP 2] 시두법(五鼠遁) 적용 → 시주(時柱) = 임술",hard
saju_ko_hard_0090,"양력 1974년 6월 26일 9시에 태어난 사람의 사주 시주(時柱) 간지는? (일간 + 시두법, 예: 갑자)",정사,"사주 기둥 계산:
[STEP 1] 일간 = 무; 시지 = 사시 (9시)
[STEP 2] 시두법(五鼠遁) 적용 → 시주(時柱) = 정사",hard
saju_ko_hard_0091,"양력 1957년 4월 2일 10시에 태어난 사람의 사주 시주(時柱) 간지는? (일간 + 시두법, 예: 갑자)",기사,"사주 기둥 계산:
[STEP 1] 일간 = 갑; 시지 = 사시 (10시)
[STEP 2] 시두법(五鼠遁) 적용 → 시주(時柱) = 기사",hard
saju_ko_hard_0092,"양력 1993년 8월 22일의 사주 일주(日柱) 간지는? (60갑자 일진, 예: 갑자)",을해,"사주 기둥 계산:
[STEP 1] 일주(日柱) = 연속 60갑자 일진 = 을해",hard
saju_ko_hard_0093,"양력 1983년 6월 22일의 사주 일주(日柱) 간지는? (60갑자 일진, 예: 갑자)",신사,"사주 기둥 계산:
[STEP 1] 일주(日柱) = 연속 60갑자 일진 = 신사",hard
saju_ko_hard_0094,"양력 1989년 1월 12일의 사주 일주(日柱) 간지는? (60갑자 일진, 예: 갑자)",임신,"사주 기둥 계산:
[STEP 1] 일주(日柱) = 연속 60갑자 일진 = 임신",hard
saju_ko_hard_0095,"양력 1969년 6월 1일의 사주 일주(日柱) 간지는? (60갑자 일진, 예: 갑자)",정미,"사주 기둥 계산:
[STEP 1] 일주(日柱) = 연속 60갑자 일진 = 정미",hard
saju_ko_hard_0096,"양력 1957년 1월 8일 1시에 태어난 사람의 사주 시주(時柱) 간지는? (일간 + 시두법, 예: 갑자)",정축,"사주 기둥 계산:
[STEP 1] 일간 = 경; 시지 = 축시 (1시)
[STEP 2] 시두법(五鼠遁) 적용 → 시주(時柱) = 정축",hard
saju_ko_hard_0097,"양력 1978년 11월 11일의 사주 일주(日柱) 간지는? (60갑자 일진, 예: 갑자)",정축,"사주 기둥 계산:
[STEP 1] 일주(日柱) = 연속 60갑자 일진 = 정축",hard
saju_ko_hard_0098,"양력 1957년 6월 22일의 사주 일주(日柱) 간지는? (60갑자 일진, 예: 갑자)",을축,"사주 기둥 계산:
[STEP 1] 일주(日柱) = 연속 60갑자 일진 = 을축",hard
saju_ko_hard_0099,"양력 1967년 4월 15일 13시에 태어난 사람의 사주 시주(時柱) 간지는? (일간 + 시두법, 예: 갑자)",신미,"사주 기둥 계산:
[STEP 1] 일간 = 기; 시지 = 미시 (13시)
[STEP 2] 시두법(五鼠遁) 적용 → 시주(時柱) = 신미",hard
